SNID,Filename,Date,Photometric Calibration,Inverse Sensitivity,Zeropoint,Wavelength,Zeropoint AB
2005W,pantheon_data_folder/2005W/mastDownload/HST/idgg0b020/idgg0b020_drz.fits,2025-04-11,WFC3 IR F160W MJD#58167.0233,1.947097475e-20,-21.1,15369.176,25.93527784632269
2005W,pantheon_data_folder/2005W/mastDownload/HST/idgg01020/idgg01020_drz.fits,2025-03-31,WFC3 IR F160W MJD#58067.6117,1.9467796e-20,-21.1,15369.176,25.93545511355029
2005W,pantheon_data_folder/2005W/mastDownload/HST/idgg03020/idgg03020_drz.fits,2025-04-03,WFC3 IR F160W MJD#58086.9005,1.9468414e-20,-21.1,15369.176,25.93542064769064
2005W,pantheon_data_folder/2005W/mastDownload/HST/idgg06020/idgg06020_drz.fits,2025-04-07,WFC3 IR F160W MJD#58118.4019,1.946942e-20,-21.1,15369.176,25.93536454541119
2006X,pantheon_data_folder/2006X/mastDownload/HST/iejn62010/iejn62010_drz.fits,2025-04-08,WFC3 IR F160W MJD#59706.5863,1.952018375e-20,-21.1,15369.176,25.932537326506313
2006X,pantheon_data_folder/2006X/mastDownload/HST/ie9801020/ie9801020_drz.fits,2025-04-04,WFC3 IR F160W MJD#58990.6318,1.94972994999999e-20,-21.1,15369.176,25.933810922828947
2006X,pantheon_data_folder/2006X/mastDownload/HST/ie9801010/ie9801010_drz.fits,2025-03-31,WFC3 IR F110W MJD#58990.6279,1.54740415e-20,-21.1,11534.459,26.808004458603335
2006X,pantheon_data_folder/2006X/mastDownload/HST/iejn02010/iejn02010_drz.fits,2025-04-04,WFC3 IR F160W MJD#59361.5952,1.9509157e-20,-21.1,15369.176,25.93315082095866
2006X,pantheon_data_folder/2006X/mastDownload/HST/idkv31030/idkv31030_drz.fits,2025-04-07,WFC3 IR F160W MJD#58153.7511,1.9470549e-20,-21.1,15369.176,25.935301587159962
2005mz,pantheon_data_folder/2005mz/mastDownload/HLA/HST_7330_1r_NIC_NIC2_F160W/HST_7330_1r_NIC_NIC2_F160W_drz.fits,2009-11-27T21:45:59,"NICMOS,2,F160W,DN",5.4149073e-19,-21.1,16059.9,22.22930825092475
2005mz,pantheon_data_folder/2005mz/mastDownload/HST/icoe02010/icoe02010_drz.fits,2025-03-31,WFC3 IR F160W MJD#57075.1594,1.9436074e-20,-21.1,15369.176,25.937225720511528
2005mz,pantheon_data_folder/2005mz/mastDownload/HST/icoe02020/icoe02020_drz.fits,2025-04-03,WFC3 IR F160W MJD#57075.1659,1.9436074e-20,-21.1,15369.176,25.937225720511528
2005mz,pantheon_data_folder/2005mz/mastDownload/HST/icoe02080/icoe02080_drz.fits,2025-04-11,WFC3 IR F160W MJD#57075.1860,1.9436074e-20,-21.1,15369.176,25.937225720511528
2005mz,pantheon_data_folder/2005mz/mastDownload/HST/icoe02060/icoe02060_drz.fits,2025-04-03,WFC3 IR F160W MJD#57075.1856,1.9436074e-20,-21.1,15369.176,25.937225720511528
2005mz,pantheon_data_folder/2005mz/mastDownload/HST/icoe02050/icoe02050_drz.fits,2025-03-31,WFC3 IR F160W MJD#57075.1853,1.9436074e-20,-21.1,15369.176,25.937225720511528
2005mz,pantheon_data_folder/2005mz/mastDownload/HST/n46001020/n46001021_mos.fits,2009-11-05T08:37:00,"NICMOS,2,F160W,DN",2.3600094e-19,-21.1,16059.9,23.13100148436843
2005mz,pantheon_data_folder/2005mz/mastDownload/HST/n46001020/n46001020_mos.fits,2009-11-05T08:36:59,"NICMOS,2,F160W,DN",2.3600094e-19,-21.1,16059.9,23.13100148436843
2005mz,pantheon_data_folder/2005mz/mastDownload/HST/n3zb1r010/n3zb1r010_mos.fits,2009-06-16T10:05:06,"NICMOS,2,F160W,DN",2.3600094e-19,-21.1,16059.9,23.13100148436843
2005mz,pantheon_data_folder/2005mz/mastDownload/HST/icoe02040/icoe02040_drz.fits,2025-04-11,WFC3 IR F160W MJD#57075.1790,1.9436074e-20,-21.1,15369.176,25.937225720511528
2005mz,pantheon_data_folder/2005mz/mastDownload/HST/icoe02070/icoe02070_drz.fits,2025-04-07,WFC3 IR F160W MJD#57075.1858,1.9436074e-20,-21.1,15369.176,25.937225720511528
2005mz,pantheon_data_folder/2005mz/mastDownload/HST/icoe02030/icoe02030_drz.fits,2025-04-07,WFC3 IR F160W MJD#57075.1725,1.9436074e-20,-21.1,15369.176,25.937225720511528
2006D,pantheon_data_folder/2006D/mastDownload/HST/idxb05030/idxb05030_drz.fits,2025-04-11,WFC3 IR F160W MJD#59006.5929,1.94978089999999e-20,-21.1,15369.176,25.933782550932186
2006D,pantheon_data_folder/2006D/mastDownload/HST/idxb08j3q/idxb08j3q_drz.fits,2025-04-07,WFC3 IR F160W MJD#59036.3950,1.9498762e-20,-21.1,15369.176,25.93372948438931
2006D,pantheon_data_folder/2006D/mastDownload/HST/idxb0b030/idxb0b030_drz.fits,2025-04-04,WFC3 IR F160W MJD#59059.1639,1.94994896666666e-20,-21.1,15369.176,25.933688966980903
2006D,pantheon_data_folder/2006D/mastDownload/HST/idxb01030/idxb01030_drz.fits,2025-04-11,WFC3 IR F160W MJD#58954.6244,1.9496148e-20,-21.1,15369.176,25.933875047717628
2006D,pantheon_data_folder/2006D/mastDownload/HST/idxb06o5q/idxb06o5q_drz.fits,2025-03-31,WFC3 IR F160W MJD#59017.5948,1.9498161e-20,-21.1,15369.176,25.933762949976284
2006D,pantheon_data_folder/2006D/mastDownload/HST/idxb0anmq/idxb0anmq_drz.fits,2025-03-31,WFC3 IR F160W MJD#59052.2842,1.9499269e-20,-21.1,15369.176,25.933701253822697
2006D,pantheon_data_folder/2006D/mastDownload/HST/idxb02030/idxb02030_drz.fits,2025-03-31,WFC3 IR F160W MJD#58968.7244,1.9496599e-20,-21.1,15369.176,25.933849931917074
2006D,pantheon_data_folder/2006D/mastDownload/HST/idxb03030/idxb03030_drz.fits,2025-04-04,WFC3 IR F160W MJD#58982.4935,1.94970393333333e-20,-21.1,15369.176,25.933825410694503
2006D,pantheon_data_folder/2006D/mastDownload/HST/idxb07030/idxb07030_drz.fits,2025-04-04,WFC3 IR F160W MJD#59028.1733,1.9498499e-20,-21.1,15369.176,25.93374412893688
2006D,pantheon_data_folder/2006D/mastDownload/HST/idxb04glq/idxb04glq_drz.fits,2025-04-07,WFC3 IR F160W MJD#58994.6222,1.9497426e-20,-21.1,15369.176,25.93380387851061
2006D,pantheon_data_folder/2006D/mastDownload/HST/idxb09030/idxb09030_drz.fits,2025-04-11,WFC3 IR F160W MJD#59045.2514,1.9499045e-20,-21.1,15369.176,25.933713726408563
2007au,pantheon_data_folder/2007au/mastDownload/HST/if7q89010/if7q89010_drz.fits,2025-04-04,WFC3 IR F110W MJD#60565.2010,1.55542045e-20,-21.1,11534.459,26.802394340324035
2007af,pantheon_data_folder/2007af/mastDownload/HLA/hst_11570_42_wfc3_ir_f160w/hst_11570_42_wfc3_ir_f160w_drz.fits,2017-08-19,WFC3 IR F160W,1.9275602e-20,-21.1,15369.176,25.946227204106755
2007af,pantheon_data_folder/2007af/mastDownload/HLA/hst_11570_41_wfc3_ir_f160w/hst_11570_41_wfc3_ir_f160w_drz.fits,2017-08-19,WFC3 IR F160W,1.9275602e-20,-21.1,15369.176,25.946227204106755
2007af,pantheon_data_folder/2007af/mastDownload/HLA/hst_mos_1013227_wfc3_ir_f160w/hst_mos_1013227_wfc3_ir_f160w_drz.fits,2017-05-10,WFC3 IR F160W,1.92756031304868e-20,0.0,15369.17570896557,25.946227181549396
2007af,pantheon_data_folder/2007af/mastDownload/HST/ib1f42010/ib1f42010_drz.fits,2025-04-11,WFC3 IR F160W MJD#55301.3221,1.937937675e-20,-21.1,15369.176,25.940397565724
2007af,pantheon_data_folder/2007af/mastDownload/HST/ie5406060/ie5406060_drz.fits,2025-04-04,WFC3 IR F105W MJD#58987.4162,3.0879392e-20,-21.1,10551.047,26.251350360137984
2007af,pantheon_data_folder/2007af/mastDownload/HST/ib1f41mrq/ib1f41mrq_drz.fits,2025-04-07,WFC3 IR F160W MJD#55290.9560,1.9379044e-20,-21.1,15369.176,25.940416208316506
2007af,pantheon_data_folder/2007af/mastDownload/HST/ie5406010/ie5406010_drz.fits,2025-03-31,WFC3 IR F160W MJD#58987.3874,1.9497195e-20,-21.1,15369.176,25.93381674208291
2007af,pantheon_data_folder/2007af/mastDownload/HST/ib1f42t6q/ib1f42t6q_drz.fits,2025-03-31,WFC3 IR F160W MJD#55301.3950,1.9379378e-20,-21.1,15369.176,25.940397495692316
2007af,pantheon_data_folder/2007af/mastDownload/HST/ib1f41010/ib1f41010_drz.fits,2025-04-03,WFC3 IR F160W MJD#55290.9299,1.9379044e-20,-21.1,15369.176,25.940416208316506
2007af,pantheon_data_folder/2007af/mastDownload/HST/ie5406040/ie5406040_drz.fits,2025-04-11,WFC3 IR F140W MJD#58987.4032,1.4809488e-20,-21.1,13922.907,26.44700027849905
2007af,pantheon_data_folder/2007af/mastDownload/HST/ie5406070/ie5406070_drz.fits,2025-04-07,WFC3 IR F125W MJD#58987.4179,2.2696343e-20,-21.1,12486.06,26.21998319693981
2005al,pantheon_data_folder/2005al/mastDownload/HST/if7r24010/if7r24010_drz.fits,2025-04-08,WFC3 IR F110W MJD#60349.9464,1.55431954999999e-20,-21.1,11534.459,26.80316307792767
2005M,pantheon_data_folder/2005M/mastDownload/HLA/HST_10182_e2_NIC_NIC3_F110W/HST_10182_e2_NIC_NIC3_F110W_drz.fits,2009-12-02T14:38:21,"NICMOS,3,F110W,DN",3.787247e-19,-21.1,11200.5,23.400003872471988
2005M,pantheon_data_folder/2005M/mastDownload/HLA/HST_10182_e5_NIC_NIC3_F110W/HST_10182_e5_NIC_NIC3_F110W_drz.fits,2009-12-02T14:38:35,"NICMOS,3,F110W,DN",3.787247e-19,-21.1,11200.5,23.400003872471988
2005M,pantheon_data_folder/2005M/mastDownload/HLA/HST_10182_e1_NIC_NIC3_F160W/HST_10182_e1_NIC_NIC3_F160W_drz.fits,2009-12-02T14:38:11,"NICMOS,3,F160W,DN",2.2405583e-19,-21.1,16041.6,23.189870963162793
2005M,pantheon_data_folder/2005M/mastDownload/HLA/HST_10182_e4_NIC_NIC3_F110W/HST_10182_e4_NIC_NIC3_F110W_drz.fits,2009-12-02T14:38:33,"NICMOS,3,F110W,DN",3.787247e-19,-21.1,11200.5,23.400003872471988
2005M,pantheon_data_folder/2005M/mastDownload/HLA/HST_10182_e3_NIC_NIC3_F110W/HST_10182_e3_NIC_NIC3_F110W_drz.fits,2009-12-02T14:38:39,"NICMOS,3,F110W,DN",3.787247e-19,-21.1,11200.5,23.400003872471988
2005M,pantheon_data_folder/2005M/mastDownload/HLA/HST_10182_e5_NIC_NIC3_F160W/HST_10182_e5_NIC_NIC3_F160W_drz.fits,2009-12-02T14:38:44,"NICMOS,3,F160W,DN",2.2405583e-19,-21.1,16041.6,23.189870963162793
2005M,pantheon_data_folder/2005M/mastDownload/HLA/HST_10182_e1_NIC_NIC3_F110W/HST_10182_e1_NIC_NIC3_F110W_drz.fits,2009-12-02T14:38:21,"NICMOS,3,F110W,DN",3.787247e-19,-21.1,11200.5,23.400003872471988
2005M,pantheon_data_folder/2005M/mastDownload/HLA/HST_10182_e2_NIC_NIC3_F160W/HST_10182_e2_NIC_NIC3_F160W_drz.fits,2009-12-02T14:38:32,"NICMOS,3,F160W,DN",2.2405583e-19,-21.1,16041.6,23.189870963162793
2005M,pantheon_data_folder/2005M/mastDownload/HLA/HST_10182_e3_NIC_NIC3_F160W/HST_10182_e3_NIC_NIC3_F160W_drz.fits,2009-12-02T14:38:14,"NICMOS,3,F160W,DN",2.2405583e-19,-21.1,16041.6,23.189870963162793
2005M,pantheon_data_folder/2005M/mastDownload/HLA/HST_10182_e4_NIC_NIC3_F160W/HST_10182_e4_NIC_NIC3_F160W_drz.fits,2009-12-02T14:38:13,"NICMOS,3,F160W,DN",2.2405583e-19,-21.1,16041.6,23.189870963162793
2005M,pantheon_data_folder/2005M/mastDownload/HST/n90ze3030/n90ze3030_mos.fits,2009-09-26T10:17:49,"NICMOS,3,F160W,DN",2.2405583e-19,-21.1,16041.6,23.189870963162793
2005M,pantheon_data_folder/2005M/mastDownload/HST/n90ze4020/n90ze4020_mos.fits,2009-09-26T11:18:20,"NICMOS,3,F110W,DN",3.787247e-19,-21.1,11200.5,23.400003872471988
2005M,pantheon_data_folder/2005M/mastDownload/HST/n90ze1020/n90ze1020_mos.fits,2010-11-23T23:40:40,"NICMOS,3,F110W,DN",3.787247e-19,-21.1,11200.5,23.400003872471988
2005M,pantheon_data_folder/2005M/mastDownload/HST/n90ze2030/n90ze2030_mos.fits,2009-09-26T09:33:57,"NICMOS,3,F160W,DN",2.2405583e-19,-21.1,16041.6,23.189870963162793
2005M,pantheon_data_folder/2005M/mastDownload/HST/n90ze5020/n90ze5020_mos.fits,2009-09-26T11:24:06,"NICMOS,3,F110W,DN",3.787247e-19,-21.1,11200.5,23.400003872471988
2005M,pantheon_data_folder/2005M/mastDownload/HST/n90ze2020/n90ze2020_mos.fits,2009-09-26T09:32:15,"NICMOS,3,F110W,DN",3.787247e-19,-21.1,11200.5,23.400003872471988
2005M,pantheon_data_folder/2005M/mastDownload/HST/n90ze5030/n90ze5030_mos.fits,2009-09-26T11:25:48,"NICMOS,3,F160W,DN",2.2405583e-19,-21.1,16041.6,23.189870963162793
2005M,pantheon_data_folder/2005M/mastDownload/HST/n90ze1030/n90ze1030_mos.fits,2010-11-23T23:42:23,"NICMOS,3,F160W,DN",2.2405583e-19,-21.1,16041.6,23.189870963162793
2005M,pantheon_data_folder/2005M/mastDownload/HST/n90ze3020/n90ze3020_mos.fits,2009-09-26T10:16:05,"NICMOS,3,F110W,DN",3.787247e-19,-21.1,11200.5,23.400003872471988
2005M,pantheon_data_folder/2005M/mastDownload/HST/n90ze4030/n90ze4030_mos.fits,2009-09-26T11:20:23,"NICMOS,3,F160W,DN",2.2405583e-19,-21.1,16041.6,23.189870963162793
2005ke,pantheon_data_folder/2005ke/mastDownload/HST/idkv07030/idkv07030_drz.fits,2025-04-07,WFC3 IR F160W MJD#58203.1955,1.94721295e-20,-21.1,15369.176,25.935213457316884
2002fb,pantheon_data_folder/2002fb/mastDownload/HST/if7q12010/if7q12010_drz.fits,2025-04-04,WFC3 IR F110W MJD#60498.3915,1.55507885e-20,-21.1,11534.459,26.802632814892434
2002fk,pantheon_data_folder/2002fk/mastDownload/HLA/HST_11329_01_NIC_NIC2_F160W/HST_11329_01_NIC_NIC2_F160W_drz.fits,2009-12-03T04:19:51,"NICMOS,2,F160W,DN",1.7409589e-19,-21.1,16030.4,23.465306907308978
2002fk,pantheon_data_folder/2002fk/mastDownload/HLA/HST_11329_05_NIC_NIC2_F160W/HST_11329_05_NIC_NIC2_F160W_drz.fits,2009-12-03T07:53:24,"NICMOS,2,F160W,DN",1.7409589e-19,-21.1,16030.4,23.465306907308978
2002fk,pantheon_data_folder/2002fk/mastDownload/HLA/HST_11329_02_NIC_NIC2_F160W/HST_11329_02_NIC_NIC2_F160W_drz.fits,2009-12-03T07:51:51,"NICMOS,2,F160W,DN",1.7409589e-19,-21.1,16030.4,23.465306907308978
2002fk,pantheon_data_folder/2002fk/mastDownload/HLA/HST_11329_03_NIC_NIC2_F160W/HST_11329_03_NIC_NIC2_F160W_drz.fits,2009-12-03T04:20:39,"NICMOS,2,F160W,DN",1.7409589e-19,-21.1,16030.4,23.465306907308978
2002fk,pantheon_data_folder/2002fk/mastDownload/HLA/HST_10802_56_NIC_NIC2_F160W/HST_10802_56_NIC_NIC2_F160W_drz.fits,2009-12-02T20:52:18,"NICMOS,2,F160W,DN",1.7409589e-19,-21.1,16030.4,23.465306907308978
2002fk,pantheon_data_folder/2002fk/mastDownload/HLA/HST_10802_f4_NIC_NIC2_F160W/HST_10802_f4_NIC_NIC2_F160W_drz.fits,2009-12-02T21:01:54,"NICMOS,2,F160W,DN",1.7409589e-19,-21.1,16030.4,23.465306907308978
2002fk,pantheon_data_folder/2002fk/mastDownload/HLA/HST_10802_f5_NIC_NIC2_F160W/HST_10802_f5_NIC_NIC2_F160W_drz.fits,2009-12-02T21:02:06,"NICMOS,2,F160W,DN",1.7409589e-19,-21.1,16030.4,23.465306907308978
2002fk,pantheon_data_folder/2002fk/mastDownload/HLA/HST_10802_58_NIC_NIC2_F160W/HST_10802_58_NIC_NIC2_F160W_drz.fits,2009-12-02T20:53:25,"NICMOS,2,F160W,DN",1.7409589e-19,-21.1,16030.4,23.465306907308978
2002fk,pantheon_data_folder/2002fk/mastDownload/HLA/hst_11570_20_wfc3_ir_f160w/hst_11570_20_wfc3_ir_f160w_drz.fits,2017-08-21,WFC3 IR F160W,1.9275602e-20,-21.1,15369.176,25.946227204106755
2002fk,pantheon_data_folder/2002fk/mastDownload/HLA/HST_10802_57_NIC_NIC2_F160W/HST_10802_57_NIC_NIC2_F160W_drz.fits,2009-12-02T20:52:47,"NICMOS,2,F160W,DN",1.7409589e-19,-21.1,16030.4,23.465306907308978
2002fk,pantheon_data_folder/2002fk/mastDownload/HLA/HST_10802_55_NIC_NIC2_F160W/HST_10802_55_NIC_NIC2_F160W_drz.fits,2009-12-02T20:21:51,"NICMOS,2,F160W,DN",1.7409589e-19,-21.1,16030.4,23.465306907308978
2002fk,pantheon_data_folder/2002fk/mastDownload/HLA/HST_10802_f7_NIC_NIC2_F160W/HST_10802_f7_NIC_NIC2_F160W_drz.fits,2009-12-02T21:03:18,"NICMOS,2,F160W,DN",1.7409589e-19,-21.1,16030.4,23.465306907308978
2002fk,pantheon_data_folder/2002fk/mastDownload/HLA/HST_10802_f6_NIC_NIC2_F160W/HST_10802_f6_NIC_NIC2_F160W_drz.fits,2009-12-02T21:02:21,"NICMOS,2,F160W,DN",1.7409589e-19,-21.1,16030.4,23.465306907308978
2002fk,pantheon_data_folder/2002fk/mastDownload/HST/na4m03010/na4m03010_mos.fits,2009-08-16T12:37:11,"NICMOS,2,F160W,DN",1.7409589e-19,-21.1,16030.4,23.465306907308978
2002fk,pantheon_data_folder/2002fk/mastDownload/HST/idgg31020/idgg31020_drz.fits,2025-04-07,WFC3 IR F160W MJD#58054.1795,1.94673675e-20,-21.1,15369.176,25.935479011637362
2002fk,pantheon_data_folder/2002fk/mastDownload/HST/idgg3b020/idgg3b020_drz.fits,2025-04-11,WFC3 IR F160W MJD#58205.0311,1.94721894999999e-20,-21.1,15369.176,25.93521011181368
2002fk,pantheon_data_folder/2002fk/mastDownload/HST/idgg35020/idgg35020_drz.fits,2025-03-31,WFC3 IR F160W MJD#58090.8665,1.9468539e-20,-21.1,15369.176,25.935413676573738
2002fk,pantheon_data_folder/2002fk/mastDownload/HST/n9r758010/n9r758010_mos.fits,2010-11-26T01:28:19,"NICMOS,2,F160W,DN",1.7409589e-19,-21.1,16030.4,23.465306907308978
2002fk,pantheon_data_folder/2002fk/mastDownload/HST/ib1f20030/ib1f20030_drz.fits,2025-03-31,WFC3 IR F160W MJD#55401.0854,1.9382565e-20,-21.1,15369.176,25.940218957619948
2002fk,pantheon_data_folder/2002fk/mastDownload/HST/na4m02010/na4m02010_mos.fits,2009-08-16T12:35:18,"NICMOS,2,F160W,DN",1.7409589e-19,-21.1,16030.4,23.465306907308978
2002fk,pantheon_data_folder/2002fk/mastDownload/HST/n9r7f6010/n9r7f6010_mos.fits,2009-08-16T12:14:24,"NICMOS,2,F160W,DN",1.7409589e-19,-21.1,16030.4,23.465306907308978
2002fk,pantheon_data_folder/2002fk/mastDownload/HST/n9r757010/n9r757010_mos.fits,2009-08-14T17:06:35,"NICMOS,2,F160W,DN",1.7409589e-19,-21.1,16030.4,23.465306907308978
2002fk,pantheon_data_folder/2002fk/mastDownload/HST/ib1f20040/ib1f20040_drz.fits,2025-04-03,WFC3 IR F160W MJD#55401.1612,1.93825679999999e-20,-21.1,15369.176,25.940218789571595
2002fk,pantheon_data_folder/2002fk/mastDownload/HST/n9r756010/n9r756010_mos.fits,2009-08-14T16:00:53,"NICMOS,2,F160W,DN",1.7409589e-19,-21.1,16030.4,23.465306907308978
2002fk,pantheon_data_folder/2002fk/mastDownload/HST/n9r7f7010/n9r7f7010_mos.fits,2009-08-16T12:15:47,"NICMOS,2,F160W,DN",1.7409589e-19,-21.1,16030.4,23.465306907308978
2002fk,pantheon_data_folder/2002fk/mastDownload/HST/n9r755010/n9r755010_mos.fits,2009-08-15T09:27:33,"NICMOS,2,F160W,DN",1.7409589e-19,-21.1,16030.4,23.465306907308978
2002fk,pantheon_data_folder/2002fk/mastDownload/HST/n9r7f4010/n9r7f4010_mos.fits,2009-08-16T09:11:06,"NICMOS,2,F160W,DN",1.7409589e-19,-21.1,16030.4,23.465306907308978
2002fk,pantheon_data_folder/2002fk/mastDownload/HST/idgg39020/idgg39020_drz.fits,2025-04-07,WFC3 IR F160W MJD#58189.5435,1.94716935e-20,-21.1,15369.176,25.935237768283237
2002fk,pantheon_data_folder/2002fk/mastDownload/HST/n9r7f5010/n9r7f5010_mos.fits,2009-08-16T10:21:24,"NICMOS,2,F160W,DN",1.7409589e-19,-21.1,16030.4,23.465306907308978
2002fk,pantheon_data_folder/2002fk/mastDownload/HST/ib1f20020/ib1f20020_drz.fits,2025-04-11,WFC3 IR F160W MJD#55401.0788,1.93825655e-20,-21.1,15369.176,25.94021892961188
2002fk,pantheon_data_folder/2002fk/mastDownload/HST/idgg37020/idgg37020_drz.fits,2025-04-03,WFC3 IR F160W MJD#58166.3222,1.9470951e-20,-21.1,15369.176,25.935279170665765
2002fk,pantheon_data_folder/2002fk/mastDownload/HST/na4m05010/na4m05010_mos.fits,2009-08-16T12:40:28,"NICMOS,2,F160W,DN",1.7409589e-19,-21.1,16030.4,23.465306907308978
2002fk,pantheon_data_folder/2002fk/mastDownload/HST/ib1f20010/ib1f20010_drz.fits,2025-04-07,WFC3 IR F160W MJD#55401.0158,1.9382562e-20,-21.1,15369.176,25.940219125668342
2002fk,pantheon_data_folder/2002fk/mastDownload/HST/na4m01010/na4m01010_mos.fits,2009-08-16T11:22:14,"NICMOS,2,F160W,DN",1.7409589e-19,-21.1,16030.4,23.465306907308978
2002fk,pantheon_data_folder/2002fk/mastDownload/HST/idgg33020/idgg33020_drz.fits,2025-04-11,WFC3 IR F160W MJD#58073.7937,1.9467994e-20,-21.1,15369.176,25.935444070971293
2002fk,pantheon_data_folder/2002fk/mastDownload/HST/na4m04010/na4m04010_mos.fits,2010-11-15T17:25:31,"NICMOS,2,F160W,DN",1.7409589e-19,-21.1,16030.4,23.465306907308978
2007sr,pantheon_data_folder/2007sr/mastDownload/HST/ie5407060/ie5407060_drz.fits,2025-03-31,WFC3 IR F105W MJD#58976.1402,3.087825e-20,-21.1,10551.047,26.251390514221136
2007sr,pantheon_data_folder/2007sr/mastDownload/HST/ie5407010/ie5407010_drz.fits,2025-04-11,WFC3 IR F160W MJD#58976.0609,1.9496833e-20,-21.1,15369.176,25.93383690088806
2007sr,pantheon_data_folder/2007sr/mastDownload/HST/ie5407070/ie5407070_drz.fits,2025-04-04,WFC3 IR F125W MJD#58976.1537,2.2695818e-20,-21.1,12486.06,26.22000831191539
2007sr,pantheon_data_folder/2007sr/mastDownload/HST/ie5407040/ie5407040_drz.fits,2025-04-07,WFC3 IR F140W MJD#58976.1272,1.48092205e-20,-21.1,13922.907,26.44701989005198
2002cr,pantheon_data_folder/2002cr/mastDownload/HST/idgg51020/idgg51020_drz.fits,2025-03-31,WFC3 IR F160W MJD#58109.0340,1.94691205e-20,-21.1,15369.176,25.93538124752633
2002cr,pantheon_data_folder/2002cr/mastDownload/HST/idgg5b020/idgg5b020_drz.fits,2025-04-03,WFC3 IR F160W MJD#58208.9108,1.94723135e-20,-21.1,15369.176,25.935203197806345
2002cr,pantheon_data_folder/2002cr/mastDownload/HST/idgg55020/idgg55020_drz.fits,2025-04-07,WFC3 IR F160W MJD#58146.5963,1.94703225e-20,-21.1,15369.176,25.9353142175527
2002cr,pantheon_data_folder/2002cr/mastDownload/HST/idgg59020/idgg59020_drz.fits,2025-03-31,WFC3 IR F160W MJD#58194.7217,1.9471859e-20,-21.1,15369.176,25.935228540088566
2002cr,pantheon_data_folder/2002cr/mastDownload/HST/idgg57020/idgg57020_drz.fits,2025-04-11,WFC3 IR F160W MJD#58169.7559,1.9471061e-20,-21.1,15369.176,25.935273036879842
2002cr,pantheon_data_folder/2002cr/mastDownload/HST/idgg53020/idgg53020_drz.fits,2025-04-03,WFC3 IR F160W MJD#58128.9006,1.9469756e-20,-21.1,15369.176,25.935345808118704
2008fv,pantheon_data_folder/2008fv/mastDownload/HST/idgg31020/idgg31020_drz.fits,2025-04-07,WFC3 IR F160W MJD#58054.1795,1.94673675e-20,-21.1,15369.176,25.935479011637362
2008fv,pantheon_data_folder/2008fv/mastDownload/HST/idgg3b020/idgg3b020_drz.fits,2025-04-11,WFC3 IR F160W MJD#58205.0311,1.94721894999999e-20,-21.1,15369.176,25.93521011181368
2008fv,pantheon_data_folder/2008fv/mastDownload/HST/idgg35020/idgg35020_drz.fits,2025-03-31,WFC3 IR F160W MJD#58090.8665,1.9468539e-20,-21.1,15369.176,25.935413676573738
2008fv,pantheon_data_folder/2008fv/mastDownload/HST/idgg39020/idgg39020_drz.fits,2025-04-07,WFC3 IR F160W MJD#58189.5435,1.94716935e-20,-21.1,15369.176,25.935237768283237
2008fv,pantheon_data_folder/2008fv/mastDownload/HST/idgg37020/idgg37020_drz.fits,2025-04-03,WFC3 IR F160W MJD#58166.3222,1.9470951e-20,-21.1,15369.176,25.935279170665765
2008fv,pantheon_data_folder/2008fv/mastDownload/HST/idgg33020/idgg33020_drz.fits,2025-04-11,WFC3 IR F160W MJD#58073.7937,1.9467994e-20,-21.1,15369.176,25.935444070971293
2006mr,pantheon_data_folder/2006mr/mastDownload/HLA/hst_11691_03_wfc3_ir_f160w/hst_11691_03_wfc3_ir_f160w_drz.fits,2017-08-12,WFC3 IR F160W,1.9275602e-20,-21.1,15369.176,25.946227204106755
2006mr,pantheon_data_folder/2006mr/mastDownload/HLA/hst_11691_03_wfc3_ir_f110w/hst_11691_03_wfc3_ir_f110w_drz.fits,2017-08-12,WFC3 IR F110W,1.5274129e-20,-21.1,11534.459,26.822122716302047
2006mr,pantheon_data_folder/2006mr/mastDownload/HST/ib3n03030/ib3n03030_drz.fits,2025-04-03,WFC3 IR F110W MJD#55407.4690,1.529306625e-20,-21.1,11534.459,26.820777426987405
2006mr,pantheon_data_folder/2006mr/mastDownload/HST/n4b707010/n4b707010_mos.fits,2009-06-16T22:46:05,"NICMOS,2,F110W,DN",4.332017e-19,-21.1,11284.7,23.23782452942378
2006mr,pantheon_data_folder/2006mr/mastDownload/HST/n4b707020/n4b707020_mos.fits,2009-02-22T16:47:09,"NICMOS,1,F110W,DN",5.4386763e-19,-21.1,11292.4,22.989335705309806
2006mr,pantheon_data_folder/2006mr/mastDownload/HST/n4b707030/n4b707030_mos.fits,2009-06-16T22:46:44,"NICMOS,2,F160W,DN",2.3600094e-19,-21.1,16059.9,23.13100148436843
2006mr,pantheon_data_folder/2006mr/mastDownload/HST/ib3n03050/ib3n03050_drz.fits,2025-04-07,WFC3 IR F160W MJD#55407.5290,1.9382771e-20,-21.1,15369.176,25.9402074183593
2006mr,pantheon_data_folder/2006mr/mastDownload/HST/ib3n03060/ib3n03060_drz.fits,2025-04-11,WFC3 IR F110W MJD#55407.5977,1.5293072e-20,-21.1,11534.459,26.820777018764367
2006mr,pantheon_data_folder/2006mr/mastDownload/HST/n4b707040/n4b707040_mos.fits,2009-02-22T16:47:47,"NICMOS,1,F160W,DN",2.8815568e-19,-21.1,16071.3,22.912676998116794
2006mr,pantheon_data_folder/2006mr/mastDownload/HST/n4b707070/n4b707070_mos.fits,2009-02-22T16:48:24,"NICMOS,1,F110M,DN",1.748277e-18,-21.1,11025.8,21.773423837580168
2010ai,pantheon_data_folder/2010ai/mastDownload/HST/icwr14050/icwr14050_drz.fits,2025-04-07,WFC3 IR F160W MJD#57708.2772,1.9456311e-20,-21.1,15369.176,25.93609583117413
2007A,pantheon_data_folder/2007A/mastDownload/HST/iedh20020/iedh20020_drz.fits,2025-04-04,WFC3 IR F160W MJD#59231.2934,1.9504992e-20,-21.1,15369.176,25.933382638974727
2007A,pantheon_data_folder/2007A/mastDownload/HST/iedh14020/iedh14020_drz.fits,2025-04-07,WFC3 IR F160W MJD#59164.7069,1.950286325e-20,-21.1,15369.176,25.933501141308852
2007A,pantheon_data_folder/2007A/mastDownload/HST/iedh18020/iedh18020_drz.fits,2025-03-31,WFC3 IR F160W MJD#59206.3352,1.9504193e-20,-21.1,15369.176,25.93342711584487
2007A,pantheon_data_folder/2007A/mastDownload/HST/iedh12020/iedh12020_drz.fits,2025-04-04,WFC3 IR F160W MJD#59145.3181,1.95022445e-20,-21.1,15369.176,25.933535588042396
2007A,pantheon_data_folder/2007A/mastDownload/HST/iedh22020/iedh22020_drz.fits,2025-04-07,WFC3 IR F160W MJD#59245.2598,1.9505437e-20,-21.1,15369.176,25.93335786854162
2007A,pantheon_data_folder/2007A/mastDownload/HST/iedh16020/iedh16020_drz.fits,2025-04-11,WFC3 IR F160W MJD#59182.5066,1.9503433e-20,-21.1,15369.176,25.933469423444706
2008L,pantheon_data_folder/2008L/mastDownload/HST/id9214010/id9214010_drz.fits,2025-03-31,WFC3 IR F110W MJD#57771.1127,1.54123108e-20,-21.1,11534.459,26.812344456057694
2008L,pantheon_data_folder/2008L/mastDownload/HST/id9214020/id9214020_drz.fits,2025-04-03,WFC3 IR F110W MJD#57771.1841,1.54123155e-20,-21.1,11534.459,26.81234412496137
2005cf,pantheon_data_folder/2005cf/mastDownload/HLA/HST_10182_l1_NIC_NIC3_F110W/HST_10182_l1_NIC_NIC3_F110W_drz.fits,2009-12-02T14:41:29,"NICMOS,3,F110W,DN",3.787247e-19,-21.1,11200.5,23.400003872471988
2005cf,pantheon_data_folder/2005cf/mastDownload/HLA/HST_10182_l2_NIC_NIC3_F160W/HST_10182_l2_NIC_NIC3_F160W_drz.fits,2009-12-02T14:41:50,"NICMOS,3,F160W,DN",2.2405583e-19,-21.1,16041.6,23.189870963162793
2005cf,pantheon_data_folder/2005cf/mastDownload/HLA/HST_10182_l6_NIC_NIC3_F110W/HST_10182_l6_NIC_NIC3_F110W_drz.fits,2009-12-02T14:42:12,"NICMOS,3,F110W,DN",3.787247e-19,-21.1,11200.5,23.400003872471988
2005cf,pantheon_data_folder/2005cf/mastDownload/HLA/HST_10182_l7_NIC_NIC3_F110W/HST_10182_l7_NIC_NIC3_F110W_drz.fits,2009-12-02T14:41:09,"NICMOS,3,F110W,DN",3.787247e-19,-21.1,11200.5,23.400003872471988
2005cf,pantheon_data_folder/2005cf/mastDownload/HLA/HST_10182_l4_NIC_NIC3_F160W/HST_10182_l4_NIC_NIC3_F160W_drz.fits,2009-12-02T14:41:46,"NICMOS,3,F160W,DN",2.2405583e-19,-21.1,16041.6,23.189870963162793
2005cf,pantheon_data_folder/2005cf/mastDownload/HLA/HST_10182_l8_NIC_NIC3_F110W/HST_10182_l8_NIC_NIC3_F110W_drz.fits,2009-12-02T14:40:58,"NICMOS,3,F110W,DN",3.787247e-19,-21.1,11200.5,23.400003872471988
2005cf,pantheon_data_folder/2005cf/mastDownload/HLA/HST_10182_l2_NIC_NIC3_F110W/HST_10182_l2_NIC_NIC3_F110W_drz.fits,2009-12-02T14:42:08,"NICMOS,3,F110W,DN",3.787247e-19,-21.1,11200.5,23.400003872471988
2005cf,pantheon_data_folder/2005cf/mastDownload/HLA/HST_10182_l6_NIC_NIC3_F160W/HST_10182_l6_NIC_NIC3_F160W_drz.fits,2009-12-02T14:42:37,"NICMOS,3,F160W,DN",2.2405583e-19,-21.1,16041.6,23.189870963162793
2005cf,pantheon_data_folder/2005cf/mastDownload/HLA/HST_10182_l1_NIC_NIC3_F160W/HST_10182_l1_NIC_NIC3_F160W_drz.fits,2009-12-02T14:41:37,"NICMOS,3,F160W,DN",2.2405583e-19,-21.1,16041.6,23.189870963162793
2005cf,pantheon_data_folder/2005cf/mastDownload/HLA/HST_10182_l8_NIC_NIC3_F160W/HST_10182_l8_NIC_NIC3_F160W_drz.fits,2009-12-02T14:41:03,"NICMOS,3,F160W,DN",2.2405583e-19,-21.1,16041.6,23.189870963162793
2005cf,pantheon_data_folder/2005cf/mastDownload/HLA/HST_10182_l4_NIC_NIC3_F110W/HST_10182_l4_NIC_NIC3_F110W_drz.fits,2009-12-02T14:41:55,"NICMOS,3,F110W,DN",3.787247e-19,-21.1,11200.5,23.400003872471988
2005cf,pantheon_data_folder/2005cf/mastDownload/HLA/HST_10182_l7_NIC_NIC3_F160W/HST_10182_l7_NIC_NIC3_F160W_drz.fits,2009-12-02T14:40:23,"NICMOS,3,F160W,DN",2.2405583e-19,-21.1,16041.6,23.189870963162793
2005cf,pantheon_data_folder/2005cf/mastDownload/HST/n90zl8020/n90zl8020_mos.fits,2010-11-24T19:05:29,"NICMOS,3,F110W,DN",3.787247e-19,-21.1,11200.5,23.400003872471988
2005cf,pantheon_data_folder/2005cf/mastDownload/HST/ie5404070/ie5404070_drz.fits,2025-03-31,WFC3 IR F125W MJD#58990.8637,2.2696503e-20,-21.1,12486.06,26.21997554296752
2005cf,pantheon_data_folder/2005cf/mastDownload/HST/ie5404040/ie5404040_drz.fits,2025-04-04,WFC3 IR F140W MJD#58990.8491,1.480957e-20,-21.1,13922.907,26.44699426680423
2005cf,pantheon_data_folder/2005cf/mastDownload/HST/n90zl9020/n90zl9020_mos.fits,2010-11-24T19:20:16,"NICMOS,3,F110W,DN",3.787247e-19,-21.1,11200.5,23.400003872471988
2005cf,pantheon_data_folder/2005cf/mastDownload/HST/n90zl2020/n90zl2020_mos.fits,2009-09-27T02:56:40,"NICMOS,3,F110W,DN",3.787247e-19,-21.1,11200.5,23.400003872471988
2005cf,pantheon_data_folder/2005cf/mastDownload/HST/n90zl5030/n90zl5030_mos.fits,2010-11-24T15:04:12,"NICMOS,3,F160W,DN",2.2405583e-19,-21.1,16041.6,23.189870963162793
2005cf,pantheon_data_folder/2005cf/mastDownload/HST/n90zl1030/n90zl1030_mos.fits,2009-09-27T02:52:58,"NICMOS,3,F160W,DN",2.2405583e-19,-21.1,16041.6,23.189870963162793
2005cf,pantheon_data_folder/2005cf/mastDownload/HST/n90zl6020/n90zl6020_mos.fits,2009-09-27T03:40:54,"NICMOS,3,F110W,DN",3.787247e-19,-21.1,11200.5,23.400003872471988
2005cf,pantheon_data_folder/2005cf/mastDownload/HST/n90zla020/n90zla020_mos.fits,2010-11-24T19:35:42,"NICMOS,3,F110W,DN",3.787247e-19,-21.1,11200.5,23.400003872471988
2005cf,pantheon_data_folder/2005cf/mastDownload/HST/n90zl7020/n90zl7020_mos.fits,2010-11-24T18:50:41,"NICMOS,3,F110W,DN",3.787247e-19,-21.1,11200.5,23.400003872471988
2005cf,pantheon_data_folder/2005cf/mastDownload/HST/n90zl3020/n90zl3020_mos.fits,2010-11-24T12:52:08,"NICMOS,3,F110W,DN",3.787247e-19,-21.1,11200.5,23.400003872471988
2005cf,pantheon_data_folder/2005cf/mastDownload/HST/n90zl4030/n90zl4030_mos.fits,2009-09-27T03:31:46,"NICMOS,3,F160W,DN",2.2405583e-19,-21.1,16041.6,23.189870963162793
2005cf,pantheon_data_folder/2005cf/mastDownload/HST/n90zl3030/n90zl3030_mos.fits,2010-11-24T12:54:21,"NICMOS,3,F160W,DN",2.2405583e-19,-21.1,16041.6,23.189870963162793
2005cf,pantheon_data_folder/2005cf/mastDownload/HST/n90zl4020/n90zl4020_mos.fits,2009-09-27T03:30:03,"NICMOS,3,F110W,DN",3.787247e-19,-21.1,11200.5,23.400003872471988
2005cf,pantheon_data_folder/2005cf/mastDownload/HST/ie5404010/ie5404010_drz.fits,2025-04-07,WFC3 IR F160W MJD#58990.8332,1.9497305e-20,-21.1,15369.176,25.933810616553288
2005cf,pantheon_data_folder/2005cf/mastDownload/HST/n90zl7030/n90zl7030_mos.fits,2010-11-24T18:56:18,"NICMOS,3,F160W,DN",2.2405583e-19,-21.1,16041.6,23.189870963162793
2005cf,pantheon_data_folder/2005cf/mastDownload/HST/n90zl1020/n90zl1020_mos.fits,2009-09-27T02:34:17,"NICMOS,3,F110W,DN",3.787247e-19,-21.1,11200.5,23.400003872471988
2005cf,pantheon_data_folder/2005cf/mastDownload/HST/n90zl6030/n90zl6030_mos.fits,2009-09-27T03:42:48,"NICMOS,3,F160W,DN",2.2405583e-19,-21.1,16041.6,23.189870963162793
2005cf,pantheon_data_folder/2005cf/mastDownload/HST/n90zla030/n90zla030_mos.fits,2010-11-24T19:39:14,"NICMOS,3,F160W,DN",2.2405583e-19,-21.1,16041.6,23.189870963162793
2005cf,pantheon_data_folder/2005cf/mastDownload/HST/n90zl2030/n90zl2030_mos.fits,2009-09-27T02:58:17,"NICMOS,3,F160W,DN",2.2405583e-19,-21.1,16041.6,23.189870963162793
2005cf,pantheon_data_folder/2005cf/mastDownload/HST/n90zl5020/n90zl5020_mos.fits,2010-11-24T15:02:33,"NICMOS,3,F110W,DN",3.787247e-19,-21.1,11200.5,23.400003872471988
2005cf,pantheon_data_folder/2005cf/mastDownload/HST/n90zl9030/n90zl9030_mos.fits,2010-11-24T19:27:25,"NICMOS,3,F160W,DN",2.2405583e-19,-21.1,16041.6,23.189870963162793
2005cf,pantheon_data_folder/2005cf/mastDownload/HST/n90zl8030/n90zl8030_mos.fits,2010-11-24T19:11:16,"NICMOS,3,F160W,DN",2.2405583e-19,-21.1,16041.6,23.189870963162793
2005cf,pantheon_data_folder/2005cf/mastDownload/HST/ie5404060/ie5404060_drz.fits,2025-04-11,WFC3 IR F105W MJD#58990.8620,3.0879741e-20,-21.1,10551.047,26.25133808917765
2001ah,pantheon_data_folder/2001ah/mastDownload/HST/iejn62010/iejn62010_drz.fits,2025-04-08,WFC3 IR F160W MJD#59706.5863,1.952018375e-20,-21.1,15369.176,25.932537326506313
2001ah,pantheon_data_folder/2001ah/mastDownload/HST/ie9801020/ie9801020_drz.fits,2025-04-04,WFC3 IR F160W MJD#58990.6318,1.94972994999999e-20,-21.1,15369.176,25.933810922828947
2001ah,pantheon_data_folder/2001ah/mastDownload/HST/ie9801010/ie9801010_drz.fits,2025-03-31,WFC3 IR F110W MJD#58990.6279,1.54740415e-20,-21.1,11534.459,26.808004458603335
2001ah,pantheon_data_folder/2001ah/mastDownload/HST/iejn02010/iejn02010_drz.fits,2025-04-04,WFC3 IR F160W MJD#59361.5952,1.9509157e-20,-21.1,15369.176,25.93315082095866
2001ah,pantheon_data_folder/2001ah/mastDownload/HST/idkv31030/idkv31030_drz.fits,2025-04-07,WFC3 IR F160W MJD#58153.7511,1.9470549e-20,-21.1,15369.176,25.935301587159962
2005ki,pantheon_data_folder/2005ki/mastDownload/HST/if7r14010/if7r14010_drz.fits,2025-04-01,WFC3 IR F110W MJD#60372.9418,1.55443722499999e-20,-21.1,11534.459,26.803080881720497
2001az,pantheon_data_folder/2001az/mastDownload/HST/if7q89010/if7q89010_drz.fits,2025-04-04,WFC3 IR F110W MJD#60565.2010,1.55542045e-20,-21.1,11534.459,26.802394340324035
2005dv,pantheon_data_folder/2005dv/mastDownload/HLA/HST_7867_13_NIC_NIC1_F160W/HST_7867_13_NIC_NIC1_F160W_drz.fits,2009-11-28T15:59:16,"NICMOS,1,F160W,DN",2.8815568e-19,-21.1,16071.3,22.912676998116794
2005dv,pantheon_data_folder/2005dv/mastDownload/HLA/HST_7867_13_NIC_NIC1_F110W/HST_7867_13_NIC_NIC1_F110W_drz.fits,2009-11-28T15:59:29,"NICMOS,1,F110W,DN",5.4386763e-19,-21.1,11292.4,22.989335705309806
2005dv,pantheon_data_folder/2005dv/mastDownload/HST/n4m513010/n4m513010_mos.fits,2009-02-20T16:34:37,"NICMOS,1,F110W,DN",5.4386763e-19,-21.1,11292.4,22.989335705309806
2005dv,pantheon_data_folder/2005dv/mastDownload/HST/n4m513020/n4m513020_mos.fits,2009-02-20T16:35:19,"NICMOS,1,F160W,DN",2.8815568e-19,-21.1,16071.3,22.912676998116794
2003du,pantheon_data_folder/2003du/mastDownload/HLA/hst_12880_69_wfc3_ir_f160w/hst_12880_69_wfc3_ir_f160w_drz.fits,2017-08-21,WFC3 IR F160W,1.9275602e-20,-21.1,15369.176,25.946227204106755
2003du,pantheon_data_folder/2003du/mastDownload/HLA/hst_12880_63_wfc3_ir_f160w/hst_12880_63_wfc3_ir_f160w_drz.fits,2017-09-03,WFC3 IR F160W,1.9275602e-20,-21.1,15369.176,25.946227204106755
2003du,pantheon_data_folder/2003du/mastDownload/HLA/hst_12880_70_wfc3_ir_f160w/hst_12880_70_wfc3_ir_f160w_drz.fits,2017-08-16,WFC3 IR F160W,1.9275602e-20,-21.1,15369.176,25.946227204106755
2003du,pantheon_data_folder/2003du/mastDownload/HLA/hst_12880_93_wfc3_ir_f160w/hst_12880_93_wfc3_ir_f160w_drz.fits,2017-08-26,WFC3 IR F160W,1.9275602e-20,-21.1,15369.176,25.946227204106755
2003du,pantheon_data_folder/2003du/mastDownload/HLA/hst_12880_59_wfc3_ir_f160w/hst_12880_59_wfc3_ir_f160w_drz.fits,2017-08-17,WFC3 IR F160W,1.9275602e-20,-21.1,15369.176,25.946227204106755
2003du,pantheon_data_folder/2003du/mastDownload/HLA/hst_12880_60_wfc3_ir_f160w/hst_12880_60_wfc3_ir_f160w_drz.fits,2017-10-07,WFC3 IR F160W,1.9275602e-20,-21.1,15369.176,25.946227204106755
2003du,pantheon_data_folder/2003du/mastDownload/HLA/hst_12880_65_wfc3_ir_f160w/hst_12880_65_wfc3_ir_f160w_drz.fits,2017-08-16,WFC3 IR F160W,1.9275602e-20,-21.1,15369.176,25.946227204106755
2003du,pantheon_data_folder/2003du/mastDownload/HLA/hst_12880_61_wfc3_ir_f160w/hst_12880_61_wfc3_ir_f160w_drz.fits,2017-08-23,WFC3 IR F160W,1.9275602e-20,-21.1,15369.176,25.946227204106755
2003du,pantheon_data_folder/2003du/mastDownload/HLA/hst_12880_66_wfc3_ir_f160w/hst_12880_66_wfc3_ir_f160w_drz.fits,2017-08-20,WFC3 IR F160W,1.9275602e-20,-21.1,15369.176,25.946227204106755
2003du,pantheon_data_folder/2003du/mastDownload/HLA/hst_12880_62_wfc3_ir_f160w/hst_12880_62_wfc3_ir_f160w_drz.fits,2017-08-28,WFC3 IR F160W,1.9275602e-20,-21.1,15369.176,25.946227204106755
2003du,pantheon_data_folder/2003du/mastDownload/HLA/hst_12880_68_wfc3_ir_f160w/hst_12880_68_wfc3_ir_f160w_drz.fits,2017-09-03,WFC3 IR F160W,1.9275602e-20,-21.1,15369.176,25.946227204106755
2003du,pantheon_data_folder/2003du/mastDownload/HST/ie5403060/ie5403060_drz.fits,2025-03-31,WFC3 IR F105W MJD#59052.1372,3.0885955e-20,-21.1,10551.047,26.251119626010045
2003du,pantheon_data_folder/2003du/mastDownload/HST/ic1359020/ic1359020_drz.fits,2025-04-11,WFC3 IR F160W MJD#56275.9849,1.941053e-20,-21.1,15369.176,25.93865359562831
2003du,pantheon_data_folder/2003du/mastDownload/HST/ic1369020/ic1369020_drz.fits,2025-04-11,WFC3 IR F160W MJD#56354.3049,1.9413032e-20,-21.1,15369.176,25.938513654219122
2003du,pantheon_data_folder/2003du/mastDownload/HST/ic1368020/ic1368020_drz.fits,2025-04-07,WFC3 IR F160W MJD#56344.2796,1.9412712e-20,-21.1,15369.176,25.93853155139505
2003du,pantheon_data_folder/2003du/mastDownload/HST/ic1363020/ic1363020_drz.fits,2025-04-11,WFC3 IR F160W MJD#56310.1691,1.9411623e-20,-21.1,15369.176,25.938592459932302
2003du,pantheon_data_folder/2003du/mastDownload/HST/ie5403010/ie5403010_drz.fits,2025-04-11,WFC3 IR F160W MJD#59052.0639,1.9499263e-20,-21.1,15369.176,25.933701587907954
2003du,pantheon_data_folder/2003du/mastDownload/HST/ic1362020/ic1362020_drz.fits,2025-04-07,WFC3 IR F160W MJD#56302.7227,1.9411384e-20,-21.1,15369.176,25.938605827827935
2003du,pantheon_data_folder/2003du/mastDownload/HST/ic1366020/ic1366020_drz.fits,2025-04-03,WFC3 IR F160W MJD#56332.1639,1.94123255e-20,-21.1,15369.176,25.938553168221212
2003du,pantheon_data_folder/2003du/mastDownload/HST/ic1361020/ic1361020_drz.fits,2025-04-03,WFC3 IR F160W MJD#56297.1358,1.9411205e-20,-21.1,15369.176,25.93861583987431
2003du,pantheon_data_folder/2003du/mastDownload/HST/ic1365020/ic1365020_drz.fits,2025-03-31,WFC3 IR F160W MJD#56324.3829,1.9412076e-20,-21.1,15369.176,25.93856712290809
2003du,pantheon_data_folder/2003du/mastDownload/HST/ic1370020/ic1370020_drz.fits,2025-03-31,WFC3 IR F160W MJD#56366.8628,1.9413435e-20,-21.1,15369.176,25.938491115382895
2003du,pantheon_data_folder/2003du/mastDownload/HST/ic1360020/ic1360020_drz.fits,2025-03-31,WFC3 IR F160W MJD#56289.0620,1.94109475e-20,-21.1,15369.176,25.938630242840382
2003du,pantheon_data_folder/2003du/mastDownload/HST/ic1393020/ic1393020_drz.fits,2025-03-31,WFC3 IR F160W MJD#56382.2184,1.9413925e-20,-21.1,15369.176,25.938463711472842
2003du,pantheon_data_folder/2003du/mastDownload/HST/ie5403040/ie5403040_drz.fits,2025-04-07,WFC3 IR F140W MJD#59052.0809,1.4811025e-20,-21.1,13922.907,26.44688760141285
2003du,pantheon_data_folder/2003du/mastDownload/HST/ie5403070/ie5403070_drz.fits,2025-04-04,WFC3 IR F125W MJD#59052.1389,2.2699358e-20,-21.1,12486.06,26.219838976470033
2006ef,pantheon_data_folder/2006ef/mastDownload/HST/id9210010/id9210010_drz.fits,2025-03-31,WFC3 IR F110W MJD#57957.5479,1.5421846e-20,-21.1,11534.459,26.811672946714538
2002de,pantheon_data_folder/2002de/mastDownload/HLA/HST_7328_22_NIC_NIC1_F160W/HST_7328_22_NIC_NIC1_F160W_drz.fits,2009-11-27T23:40:33,"NICMOS,1,F160W,DN",2.8815568e-19,-21.1,16071.3,22.912676998116794
2002de,pantheon_data_folder/2002de/mastDownload/HST/n44b22010/n44b22010_mos.fits,2009-02-11T04:35:53,"NICMOS,1,F160W,DN",2.8815568e-19,-21.1,16071.3,22.912676998116794
2002de,pantheon_data_folder/2002de/mastDownload/HST/n44b22030/n44b22030_mos.fits,2009-06-12T14:41:51,"NICMOS,3,F160W,DN",3.1270203e-19,-21.1,16077.6,22.823067150970623
2006bh,pantheon_data_folder/2006bh/mastDownload/HST/idxb33puq/idxb33puq_drz.fits,2025-04-07,WFC3 IR F160W MJD#59002.9238,1.9497692e-20,-21.1,15369.176,25.933789066100992
2006bh,pantheon_data_folder/2006bh/mastDownload/HST/idxb31030/idxb31030_drz.fits,2025-03-31,WFC3 IR F160W MJD#58975.0565,1.9496801e-20,-21.1,15369.176,25.933838682899882
2006bh,pantheon_data_folder/2006bh/mastDownload/HST/idxb35030/idxb35030_drz.fits,2025-04-11,WFC3 IR F160W MJD#59027.1038,1.9498465e-20,-21.1,15369.176,25.933746022162765
2006bh,pantheon_data_folder/2006bh/mastDownload/HST/idxb32030/idxb32030_drz.fits,2025-04-04,WFC3 IR F160W MJD#58988.8720,1.9497243e-20,-21.1,15369.176,25.933814069120274
2006bh,pantheon_data_folder/2006bh/mastDownload/HST/idxba4020/idxba4020_drz.fits,2025-03-31,WFC3 IR F160W MJD#59014.7567,1.949807e-20,-21.1,15369.176,25.93376801723494
2006bh,pantheon_data_folder/2006bh/mastDownload/HST/idxb36030/idxb36030_drz.fits,2025-03-31,WFC3 IR F160W MJD#59038.8050,1.94988384999999e-20,-21.1,15369.176,25.933725224700588
2006bh,pantheon_data_folder/2006bh/mastDownload/HST/idxb37030/idxb37030_drz.fits,2025-04-04,WFC3 IR F160W MJD#59048.6722,1.9499155e-20,-21.1,15369.176,25.933707601460107
2006bh,pantheon_data_folder/2006bh/mastDownload/HST/idxbab020/idxbab020_drz.fits,2025-04-04,WFC3 IR F160W MJD#59098.7805,1.9500755e-20,-21.1,15369.176,25.933618515206902
2006bh,pantheon_data_folder/2006bh/mastDownload/HST/idxb38030/idxb38030_drz.fits,2025-04-07,WFC3 IR F160W MJD#59057.8617,1.94994475e-20,-21.1,15369.176,25.933691314833425
2006bh,pantheon_data_folder/2006bh/mastDownload/HST/idxb3aayq/idxb3aayq_drz.fits,2025-03-31,WFC3 IR F160W MJD#59085.1523,1.9500319e-20,-21.1,15369.176,25.93364279048636
2006bh,pantheon_data_folder/2006bh/mastDownload/HST/idxb39030/idxb39030_drz.fits,2025-04-11,WFC3 IR F160W MJD#59076.1754,1.9500033e-20,-21.1,15369.176,25.933658714473644
2006dd,pantheon_data_folder/2006dd/mastDownload/HLA/hst_11691_03_wfc3_ir_f160w/hst_11691_03_wfc3_ir_f160w_drz.fits,2017-08-12,WFC3 IR F160W,1.9275602e-20,-21.1,15369.176,25.946227204106755
2006dd,pantheon_data_folder/2006dd/mastDownload/HLA/hst_11691_03_wfc3_ir_f110w/hst_11691_03_wfc3_ir_f110w_drz.fits,2017-08-12,WFC3 IR F110W,1.5274129e-20,-21.1,11534.459,26.822122716302047
2006dd,pantheon_data_folder/2006dd/mastDownload/HST/ib3n03030/ib3n03030_drz.fits,2025-04-03,WFC3 IR F110W MJD#55407.4690,1.529306625e-20,-21.1,11534.459,26.820777426987405
2006dd,pantheon_data_folder/2006dd/mastDownload/HST/n4b707010/n4b707010_mos.fits,2009-06-16T22:46:05,"NICMOS,2,F110W,DN",4.332017e-19,-21.1,11284.7,23.23782452942378
2006dd,pantheon_data_folder/2006dd/mastDownload/HST/n4b707030/n4b707030_mos.fits,2009-06-16T22:46:44,"NICMOS,2,F160W,DN",2.3600094e-19,-21.1,16059.9,23.13100148436843
2006dd,pantheon_data_folder/2006dd/mastDownload/HST/ib3n03050/ib3n03050_drz.fits,2025-04-07,WFC3 IR F160W MJD#55407.5290,1.9382771e-20,-21.1,15369.176,25.9402074183593
2006dd,pantheon_data_folder/2006dd/mastDownload/HST/ib3n03060/ib3n03060_drz.fits,2025-04-11,WFC3 IR F110W MJD#55407.5977,1.5293072e-20,-21.1,11534.459,26.820777018764367
2006dd,pantheon_data_folder/2006dd/mastDownload/HST/n4b707070/n4b707070_mos.fits,2009-02-22T16:48:24,"NICMOS,1,F110M,DN",1.748277e-18,-21.1,11025.8,21.773423837580168
2006bz,pantheon_data_folder/2006bz/mastDownload/HST/icwr08050/icwr08050_drz.fits,2025-03-31,WFC3 IR F160W MJD#57397.2049,1.94463685e-20,-21.1,15369.176,25.936650802327257
2002dp,pantheon_data_folder/2002dp/mastDownload/HST/idxb41030/idxb41030_drz.fits,2025-04-04,WFC3 IR F160W MJD#58628.8458,1.9485735e-20,-21.1,15369.176,25.934455100321507
2002dp,pantheon_data_folder/2002dp/mastDownload/HST/idxb4b030/idxb4b030_drz.fits,2025-04-11,WFC3 IR F160W MJD#58733.6021,1.9489083e-20,-21.1,15369.176,25.934268567323578
2002dp,pantheon_data_folder/2002dp/mastDownload/HST/idxb4abiq/idxb4abiq_drz.fits,2025-04-07,WFC3 IR F160W MJD#58726.3754,1.9488852e-20,-21.1,15369.176,25.934281436402628
2002dp,pantheon_data_folder/2002dp/mastDownload/HST/idxb45030/idxb45030_drz.fits,2025-04-04,WFC3 IR F160W MJD#58680.8341,1.9487396e-20,-21.1,15369.176,25.934362554108716
2002dp,pantheon_data_folder/2002dp/mastDownload/HST/idxb44030/idxb44030_drz.fits,2025-03-31,WFC3 IR F160W MJD#58668.7127,1.9487009e-20,-21.1,15369.176,25.93438411594712
2002dp,pantheon_data_folder/2002dp/mastDownload/HST/idxb43ewq/idxb43ewq_drz.fits,2025-04-22,WFC3 IR F160W MJD#58658.6579,1.9486687e-20,-21.1,15369.176,25.934402056614488
2002dp,pantheon_data_folder/2002dp/mastDownload/HST/idxb47030/idxb47030_drz.fits,2025-04-11,WFC3 IR F160W MJD#58701.9521,1.9488072e-20,-21.1,15369.176,25.934324891562916
2002dp,pantheon_data_folder/2002dp/mastDownload/HST/idxb42030/idxb42030_drz.fits,2025-04-07,WFC3 IR F160W MJD#58642.7628,1.948618e-20,-21.1,15369.176,25.934430305409002
2002dp,pantheon_data_folder/2002dp/mastDownload/HST/idxb46030/idxb46030_drz.fits,2025-04-07,WFC3 IR F160W MJD#58691.7573,1.9487745e-20,-21.1,15369.176,25.93434310982061
2002dp,pantheon_data_folder/2002dp/mastDownload/HST/idxb49030/idxb49030_drz.fits,2025-04-04,WFC3 IR F160W MJD#58719.2817,1.9488626e-20,-21.1,15369.176,25.934294027077804
2002dp,pantheon_data_folder/2002dp/mastDownload/HST/idxb48030/idxb48030_drz.fits,2025-03-31,WFC3 IR F160W MJD#58711.1548,1.9488366e-20,-21.1,15369.176,25.934308512105957
2002dj,pantheon_data_folder/2002dj/mastDownload/HLA/HST_10182_e2_NIC_NIC3_F110W/HST_10182_e2_NIC_NIC3_F110W_drz.fits,2009-12-02T14:38:21,"NICMOS,3,F110W,DN",3.787247e-19,-21.1,11200.5,23.400003872471988
2002dj,pantheon_data_folder/2002dj/mastDownload/HLA/HST_10182_e5_NIC_NIC3_F110W/HST_10182_e5_NIC_NIC3_F110W_drz.fits,2009-12-02T14:38:35,"NICMOS,3,F110W,DN",3.787247e-19,-21.1,11200.5,23.400003872471988
2002dj,pantheon_data_folder/2002dj/mastDownload/HLA/HST_10182_e1_NIC_NIC3_F160W/HST_10182_e1_NIC_NIC3_F160W_drz.fits,2009-12-02T14:38:11,"NICMOS,3,F160W,DN",2.2405583e-19,-21.1,16041.6,23.189870963162793
2002dj,pantheon_data_folder/2002dj/mastDownload/HLA/HST_10182_e4_NIC_NIC3_F110W/HST_10182_e4_NIC_NIC3_F110W_drz.fits,2009-12-02T14:38:33,"NICMOS,3,F110W,DN",3.787247e-19,-21.1,11200.5,23.400003872471988
2002dj,pantheon_data_folder/2002dj/mastDownload/HLA/HST_10182_e3_NIC_NIC3_F110W/HST_10182_e3_NIC_NIC3_F110W_drz.fits,2009-12-02T14:38:39,"NICMOS,3,F110W,DN",3.787247e-19,-21.1,11200.5,23.400003872471988
2002dj,pantheon_data_folder/2002dj/mastDownload/HLA/HST_10182_e5_NIC_NIC3_F160W/HST_10182_e5_NIC_NIC3_F160W_drz.fits,2009-12-02T14:38:44,"NICMOS,3,F160W,DN",2.2405583e-19,-21.1,16041.6,23.189870963162793
2002dj,pantheon_data_folder/2002dj/mastDownload/HLA/HST_10182_e1_NIC_NIC3_F110W/HST_10182_e1_NIC_NIC3_F110W_drz.fits,2009-12-02T14:38:21,"NICMOS,3,F110W,DN",3.787247e-19,-21.1,11200.5,23.400003872471988
2002dj,pantheon_data_folder/2002dj/mastDownload/HLA/HST_10182_e2_NIC_NIC3_F160W/HST_10182_e2_NIC_NIC3_F160W_drz.fits,2009-12-02T14:38:32,"NICMOS,3,F160W,DN",2.2405583e-19,-21.1,16041.6,23.189870963162793
2002dj,pantheon_data_folder/2002dj/mastDownload/HLA/HST_10182_e3_NIC_NIC3_F160W/HST_10182_e3_NIC_NIC3_F160W_drz.fits,2009-12-02T14:38:14,"NICMOS,3,F160W,DN",2.2405583e-19,-21.1,16041.6,23.189870963162793
2002dj,pantheon_data_folder/2002dj/mastDownload/HLA/HST_10182_e4_NIC_NIC3_F160W/HST_10182_e4_NIC_NIC3_F160W_drz.fits,2009-12-02T14:38:13,"NICMOS,3,F160W,DN",2.2405583e-19,-21.1,16041.6,23.189870963162793
2002dj,pantheon_data_folder/2002dj/mastDownload/HST/n90ze3030/n90ze3030_mos.fits,2009-09-26T10:17:49,"NICMOS,3,F160W,DN",2.2405583e-19,-21.1,16041.6,23.189870963162793
2002dj,pantheon_data_folder/2002dj/mastDownload/HST/n90ze4020/n90ze4020_mos.fits,2009-09-26T11:18:20,"NICMOS,3,F110W,DN",3.787247e-19,-21.1,11200.5,23.400003872471988
2002dj,pantheon_data_folder/2002dj/mastDownload/HST/n90ze1020/n90ze1020_mos.fits,2010-11-23T23:40:40,"NICMOS,3,F110W,DN",3.787247e-19,-21.1,11200.5,23.400003872471988
2002dj,pantheon_data_folder/2002dj/mastDownload/HST/n90ze2030/n90ze2030_mos.fits,2009-09-26T09:33:57,"NICMOS,3,F160W,DN",2.2405583e-19,-21.1,16041.6,23.189870963162793
2002dj,pantheon_data_folder/2002dj/mastDownload/HST/n90ze5020/n90ze5020_mos.fits,2009-09-26T11:24:06,"NICMOS,3,F110W,DN",3.787247e-19,-21.1,11200.5,23.400003872471988
2002dj,pantheon_data_folder/2002dj/mastDownload/HST/if7r22010/if7r22010_drz.fits,2025-04-01,WFC3 IR F110W MJD#60354.6914,1.55434384999999e-20,-21.1,11534.459,26.803146103822485
2002dj,pantheon_data_folder/2002dj/mastDownload/HST/n90ze2020/n90ze2020_mos.fits,2009-09-26T09:32:15,"NICMOS,3,F110W,DN",3.787247e-19,-21.1,11200.5,23.400003872471988
2002dj,pantheon_data_folder/2002dj/mastDownload/HST/n90ze5030/n90ze5030_mos.fits,2009-09-26T11:25:48,"NICMOS,3,F160W,DN",2.2405583e-19,-21.1,16041.6,23.189870963162793
2002dj,pantheon_data_folder/2002dj/mastDownload/HST/n90ze1030/n90ze1030_mos.fits,2010-11-23T23:42:23,"NICMOS,3,F160W,DN",2.2405583e-19,-21.1,16041.6,23.189870963162793
2002dj,pantheon_data_folder/2002dj/mastDownload/HST/n90ze3020/n90ze3020_mos.fits,2009-09-26T10:16:05,"NICMOS,3,F110W,DN",3.787247e-19,-21.1,11200.5,23.400003872471988
2002dj,pantheon_data_folder/2002dj/mastDownload/HST/n90ze4030/n90ze4030_mos.fits,2009-09-26T11:20:23,"NICMOS,3,F160W,DN",2.2405583e-19,-21.1,16041.6,23.189870963162793
2008bf,pantheon_data_folder/2008bf/mastDownload/HST/ie4108010/ie4108010_drz.fits,2025-03-31,WFC3 IR F160W MJD#58945.8065,1.9495867e-20,-21.1,15369.176,25.93389069665875
2008bf,pantheon_data_folder/2008bf/mastDownload/HST/ie4108020/ie4108020_drz.fits,2025-04-04,WFC3 IR F110W MJD#58945.8202,1.547179e-20,-21.1,11534.459,26.80816244660695
2002bo,pantheon_data_folder/2002bo/mastDownload/HST/n9wu17010/n9wu17010_mos.fits,2010-11-28T10:56:37,"NICMOS,3,F187N,DN",3.6489394e-18,-21.1,18747.801,19.82183169777429
2002bo,pantheon_data_folder/2002bo/mastDownload/HST/n9wu17020/n9wu17020_mos.fits,2010-11-28T10:59:35,"NICMOS,3,F190N,DN",3.3306088e-18,-21.1,19003.4,19.891534387745164
2006kf,pantheon_data_folder/2006kf/mastDownload/HST/if7r29010/if7r29010_drz.fits,2025-04-08,WFC3 IR F110W MJD#60387.1577,1.554510075e-20,-21.1,11534.459,26.803029998977948
2003cg,pantheon_data_folder/2003cg/mastDownload/HLA/HST_7331_98_NIC_NIC2_F160W/HST_7331_98_NIC_NIC2_F160W_drz.fits,2009-11-27T21:54:23,"NICMOS,2,F160W,DN",5.4149073e-19,-21.1,16059.9,22.22930825092475
2003cg,pantheon_data_folder/2003cg/mastDownload/HST/n3zd98010/n3zd98010_mos.fits,2009-06-18T19:12:27,"NICMOS,2,F160W,DN",2.3600094e-19,-21.1,16059.9,23.13100148436843
