SNID,filename,Telescope,Instrument,Filter
1997bq,hst_16234_70_wfc3_ir_f160w_ieel70_drz.fits,HST,WFC3,F160W
1997bq,idgg31020_drz.fits,HST,WFC3,F160W
1997bq,idgg3b020_drz.fits,HST,WFC3,F160W
1997bq,idgg35020_drz.fits,HST,WFC3,F160W
1997bq,hst_15145_3b_wfc3_ir_f160w_idgg3b_drz.fits,HST,WFC3,F160W
1997bq,hst_15145_3b_wfc3_ir_total_idgg3b_drz.fits,HST,WFC3,detection
1997bq,hst_skycell-p2583x18y09_wfc3_ir_f160w_coarse-all_drz.fits,HST,WFC3,F160W
1997bq,hst_16234_70_wfc3_ir_total_ieel70_drz.fits,HST,WFC3,detection
1997bq,hst_skycell-p2583x18y09_wfc3_ir_f160w_all_drz.fits,HST,WFC3,F160W
1997bq,hst_15145_31_wfc3_ir_total_idgg31_drz.fits,HST,WFC3,detection
1997bq,hst_15145_33_wfc3_ir_f160w_idgg33_drz.fits,HST,WFC3,F160W
1997bq,hst_15145_33_wfc3_ir_total_idgg33_drz.fits,HST,WFC3,detection
1997bq,hst_15145_31_wfc3_ir_f160w_idgg31_drz.fits,HST,WFC3,F160W
1997bq,hst_15145_35_wfc3_ir_total_idgg35_drz.fits,HST,WFC3,detection
1997bq,hst_16234_69_wfc3_ir_f160w_ieel69_drz.fits,HST,WFC3,F160W
1997bq,hst_15145_37_wfc3_ir_f160w_idgg37_drz.fits,HST,WFC3,F160W
1997bq,idgg39020_drz.fits,HST,WFC3,F160W
1997bq,hst_16234_69_wfc3_ir_total_ieel69_drz.fits,HST,WFC3,detection
1997bq,hst_15145_37_wfc3_ir_total_idgg37_drz.fits,HST,WFC3,detection
1997bq,hst_15145_35_wfc3_ir_f160w_idgg35_drz.fits,HST,WFC3,F160W
1997bq,hst_15145_39_wfc3_ir_f160w_idgg39_drz.fits,HST,WFC3,F160W
1997bq,idgg37020_drz.fits,HST,WFC3,F160W
1997bq,idgg33020_drz.fits,HST,WFC3,F160W
1997bq,hst_15145_39_wfc3_ir_total_idgg39_drz.fits,HST,WFC3,detection
2005W,idgg0b020_drz.fits,HST,WFC3,F160W
2005W,idgg01020_drz.fits,HST,WFC3,F160W
2005W,hst_15145_06_wfc3_ir_total_idgg06_drz.fits,HST,WFC3,detection
2005W,hst_15145_06_wfc3_ir_f160w_idgg06_drz.fits,HST,WFC3,F160W
2005W,hst_15145_0b_wfc3_ir_total_idgg0b_drz.fits,HST,WFC3,detection
2005W,hst_15145_0b_wfc3_ir_f160w_idgg0b_drz.fits,HST,WFC3,F160W
2005W,hst_skycell-p1770x03y10_wfc3_ir_f160w_all_drz.fits,HST,WFC3,F160W
2005W,hst_15145_01_wfc3_ir_f160w_idgg01_drz.fits,HST,WFC3,F160W
2005W,hst_15145_03_wfc3_ir_total_idgg03_drz.fits,HST,WFC3,detection
2005W,idgg03020_drz.fits,HST,WFC3,F160W
2005W,hst_skycell-p1770x03y10_wfc3_ir_f160w_coarse-all_drz.fits,HST,WFC3,F160W
2005W,idgg06020_drz.fits,HST,WFC3,F160W
2005W,hst_15145_03_wfc3_ir_f160w_idgg03_drz.fits,HST,WFC3,F160W
2005W,hst_15145_01_wfc3_ir_total_idgg01_drz.fits,HST,WFC3,detection
2006X,hst_16075_01_wfc3_ir_f110w_ie9801_drz.fits,HST,WFC3,F110W
2006X,hst_14178_cs_wfc3_ir_total_id1kcs_drz.fits,HST,WFC3,detection
2006X,hst_16500_62_wfc3_ir_f160w_iejn62_drz.fits,HST,WFC3,F160W
2006X,hst_14178_cr_wfc3_ir_f110w_id1kcr_drz.fits,HST,WFC3,F110W
2006X,hst_16500_62_wfc3_ir_total_iejn62_drz.fits,HST,WFC3,detection
2006X,hst_skycell-p1722x05y02_wfc3_ir_f110w_all_drz.fits,HST,WFC3,F110W
2006X,iejn62010_drz.fits,HST,WFC3,F160W
2006X,ie9801020_drz.fits,HST,WFC3,F160W
2006X,hst_14178_cr_wfc3_ir_total_id1kcr_drz.fits,HST,WFC3,detection
2006X,hst_skycell-p1722x05y02_wfc3_ir_f160w_all_drz.fits,HST,WFC3,F160W
2006X,hst_16075_01_wfc3_ir_total_ie9801_drz.fits,HST,WFC3,detection
2006X,ie9801010_drz.fits,HST,WFC3,F110W
2006X,hst_14178_cs_wfc3_ir_f110w_id1kcs_drz.fits,HST,WFC3,F110W
2006X,hst_16075_01_wfc3_ir_f160w_ie9801_drz.fits,HST,WFC3,F160W
2006X,iejn02010_drz.fits,HST,WFC3,F160W
2006X,hst_14178_cr_wfc3_ir_f160w_id1kcr_drz.fits,HST,WFC3,F160W
2006X,hst_skycell-p1635x04y19_wfc3_ir_f160w_all_drz.fits,HST,WFC3,F160W
2006X,idkv31030_drz.fits,HST,WFC3,F160W
2006X,hst_skycell-p1722x05y02_wfc3_ir_f110w_coarse-all_drz.fits,HST,WFC3,F110W
2006X,hst_skycell-p1722x05y02_wfc3_ir_f160w_coarse-all_drz.fits,HST,WFC3,F160W
2006X,hst_14178_ct_wfc3_ir_total_id1kct_drz.fits,HST,WFC3,detection
2006X,hst_skycell-p1636x21y19_wfc3_ir_f110w_all_drz.fits,HST,WFC3,F110W
2006X,hst_skycell-p1636x21y19_wfc3_ir_f110w_coarse-all_drz.fits,HST,WFC3,F110W
2006X,hst_skycell-p1636x21y19_wfc3_ir_f160w_coarse-all_drz.fits,HST,WFC3,F160W
2006X,hst_skycell-p1635x04y19_wfc3_ir_f110w_coarse-all_drz.fits,HST,WFC3,F110W
2006X,hst_skycell-p1635x04y19_wfc3_ir_f160w_coarse-all_drz.fits,HST,WFC3,F160W
2006X,hst_16500_02_wfc3_ir_total_iejn02_drz.fits,HST,WFC3,detection
2006X,hst_15133_31_wfc3_ir_f160w_idkv31_drz.fits,HST,WFC3,F160W
2006X,hst_skycell-p1636x21y19_wfc3_ir_f160w_all_drz.fits,HST,WFC3,F160W
2006X,hst_14178_cu_wfc3_ir_f160w_id1kcu_drz.fits,HST,WFC3,F160W
2006X,hst_15133_31_wfc3_ir_total_idkv31_drz.fits,HST,WFC3,detection
2006X,hst_14178_cu_wfc3_ir_total_id1kcu_drz.fits,HST,WFC3,detection
2006X,hst_16500_02_wfc3_ir_f160w_iejn02_drz.fits,HST,WFC3,F160W
2006X,hst_14178_ct_wfc3_ir_f110w_id1kct_drz.fits,HST,WFC3,F110W
2006X,hst_skycell-p1635x04y19_wfc3_ir_f110w_all_drz.fits,HST,WFC3,F110W
2005mz,hst_11207_06_acs_sbc_f140lp_drz.fits,HST,ACS,
2005mz,hst_11207_08_acs_sbc_f140lp_drz.fits,HST,ACS,
2005mz,hst_11207_07_acs_sbc_f140lp_drz.fits,HST,ACS,
2005mz,HST_7330_1r_NIC_NIC2_F160W_drz.fits,HST,NICMOS,F160W
2005mz,hst_13050_11_wfc3_ir_f160w_ic0b11_drz.fits,HST,WFC3,F160W
2005mz,hst_13050_02_wfc3_ir_f160w_ic0b02_drz.fits,HST,WFC3,F160W
2005mz,icoe02010_drz.fits,HST,WFC3,F160W
2005mz,hst_13050_02_wfc3_ir_total_ic0b02_drz.fits,HST,WFC3,detection
2005mz,icoe02020_drz.fits,HST,WFC3,F160W
2005mz,hst_13050_11_wfc3_ir_total_ic0b11_drz.fits,HST,WFC3,detection
2005mz,icoe02080_drz.fits,HST,WFC3,F160W
2005mz,hst_11207_07_acs_sbc_f140lp_ja2707_drz.fits,HST,ACS,F140LP;N/A
2005mz,icoe02060_drz.fits,HST,WFC3,F160W
2005mz,hst_13050_01_wfc3_ir_total_ic0b01_drz.fits,HST,WFC3,detection
2005mz,hst_13662_02_wfc3_ir_total_icoe02_drz.fits,HST,WFC3,detection
2005mz,icoe02050_drz.fits,HST,WFC3,F160W
2005mz,n46001021_mos.fits,HST,NICMOS,F160W
2005mz,n46001020_mos.fits,HST,NICMOS,F160W
2005mz,hst_13662_02_wfc3_ir_f160w_icoe02_drz.fits,HST,WFC3,F160W
2005mz,hst_13050_01_wfc3_ir_f160w_ic0b01_drz.fits,HST,WFC3,F160W
2005mz,n3zb1r010_mos.fits,HST,NICMOS,F160W
2005mz,hst_skycell-p2166x04y09_wfc3_ir_f160w_coarse-all_drz.fits,HST,WFC3,F160W
2005mz,hst_11207_06_acs_sbc_total_ja2706_drz.fits,HST,ACS,detection
2005mz,icoe02040_drz.fits,HST,WFC3,F160W
2005mz,ja2708010_drz.fits,HST,ACS,
2005mz,icoe02070_drz.fits,HST,WFC3,F160W
2005mz,hst_11207_06_acs_sbc_f140lp_ja2706_drz.fits,HST,ACS,F140LP;N/A
2005mz,icoe02030_drz.fits,HST,WFC3,F160W
2005mz,ja2707010_drz.fits,HST,ACS,
2005mz,hst_11207_08_acs_sbc_f140lp_ja2708_drz.fits,HST,ACS,F140LP;N/A
2005mz,hst_11207_07_acs_sbc_total_ja2707_drz.fits,HST,ACS,detection
2005mz,hst_skycell-p2166x04y09_wfc3_ir_f160w_all_drz.fits,HST,WFC3,F160W
2005mz,hst_11207_08_acs_sbc_total_ja2708_drz.fits,HST,ACS,detection
2005mz,ja2706010_drz.fits,HST,ACS,
2006D,hst_15640_02_wfc3_ir_total_idxb02_drz.fits,HST,WFC3,detection
2006D,hst_15640_0b_wfc3_ir_total_idxb0b_drz.fits,HST,WFC3,detection
2006D,hst_skycell-p1102x15y12_wfc3_ir_f160w_all_drz.fits,HST,WFC3,F160W
2006D,hst_15640_02_wfc3_ir_f160w_idxb02_drz.fits,HST,WFC3,F160W
2006D,hst_15640_0b_wfc3_ir_f160w_idxb0b_drz.fits,HST,WFC3,F160W
2006D,hst_15640_01_wfc3_ir_f160w_idxb01_drz.fits,HST,WFC3,F160W
2006D,hst_15640_03_wfc3_ir_total_idxb03_drz.fits,HST,WFC3,detection
2006D,hst_15640_0a_wfc3_ir_f160w_idxb0a_drz.fits,HST,WFC3,F160W
2006D,idxb05030_drz.fits,HST,WFC3,F160W
2006D,idxb08j3q_drz.fits,HST,WFC3,F160W
2006D,idxb0b030_drz.fits,HST,WFC3,F160W
2006D,idxb01030_drz.fits,HST,WFC3,F160W
2006D,hst_15640_03_wfc3_ir_f160w_idxb03_drz.fits,HST,WFC3,F160W
2006D,hst_15640_01_wfc3_ir_total_idxb01_drz.fits,HST,WFC3,detection
2006D,hst_15640_0a_wfc3_ir_total_idxb0a_drz.fits,HST,WFC3,detection
2006D,idxb06o5q_drz.fits,HST,WFC3,F160W
2006D,idxb0anmq_drz.fits,HST,WFC3,F160W
2006D,hst_15640_08_wfc3_ir_total_idxb08_drz.fits,HST,WFC3,detection
2006D,idxb02030_drz.fits,HST,WFC3,F160W
2006D,hst_15640_05_wfc3_ir_f160w_idxb05_drz.fits,HST,WFC3,F160W
2006D,hst_15640_07_wfc3_ir_total_idxb07_drz.fits,HST,WFC3,detection
2006D,idxb03030_drz.fits,HST,WFC3,F160W
2006D,hst_15640_08_wfc3_ir_f160w_idxb08_drz.fits,HST,WFC3,F160W
2006D,hst_15640_07_wfc3_ir_f160w_idxb07_drz.fits,HST,WFC3,F160W
2006D,hst_15640_05_wfc3_ir_total_idxb05_drz.fits,HST,WFC3,detection
2006D,idxb07030_drz.fits,HST,WFC3,F160W
2006D,hst_15640_09_wfc3_ir_total_idxb09_drz.fits,HST,WFC3,detection
2006D,hst_15640_06_wfc3_ir_total_idxb06_drz.fits,HST,WFC3,detection
2006D,hst_15640_04_wfc3_ir_f160w_idxb04_drz.fits,HST,WFC3,F160W
2006D,hst_15640_09_wfc3_ir_f160w_idxb09_drz.fits,HST,WFC3,F160W
2006D,idxb04glq_drz.fits,HST,WFC3,F160W
2006D,idxb09030_drz.fits,HST,WFC3,F160W
2006D,hst_15640_04_wfc3_ir_total_idxb04_drz.fits,HST,WFC3,detection
2006D,hst_15640_06_wfc3_ir_f160w_idxb06_drz.fits,HST,WFC3,F160W
2006D,hst_skycell-p1102x15y12_wfc3_ir_f160w_coarse-all_drz.fits,HST,WFC3,F160W
2007au,hst_17436_89_wfc3_ir_total_if7q89_drz.fits,HST,WFC3,detection
2007au,if7q89010_drz.fits,HST,WFC3,F110W
2007au,hst_17436_89_wfc3_ir_f110w_if7q89_drz.fits,HST,WFC3,F110W
2007af,hst_11570_42_wfc3_ir_f160w_drz.fits,HST,WFC3,F160W
2007af,hst_11570_41_wfc3_ir_f160w_drz.fits,HST,WFC3,F160W
2007af,hst_mos_1013227_wfc3_ir_f160w_drz.fits,HST,WFC3,F160W
2007af,hst_skycell-p1376x13y01_wfc3_ir_f105w_all_drz.fits,HST,WFC3,F105W
2007af,hst_11570_41_wfc3_ir_f160w_ib1f41_drz.fits,HST,WFC3,F160W
2007af,hst_skycell-p1286x13y18_wfc3_ir_f160w_coarse-all_drz.fits,HST,WFC3,F160W
2007af,hst_skycell-p1286x13y18_wfc3_ir_f105w_coarse-all_drz.fits,HST,WFC3,F105W
2007af,hst_15889_06_wfc3_ir_f140w_ie5406_drz.fits,HST,WFC3,F140W
2007af,hst_skycell-p1376x13y01_wfc3_ir_f125w_all_drz.fits,HST,WFC3,F125W
2007af,ib1f42010_drz.fits,HST,WFC3,F160W
2007af,ie5406060_drz.fits,HST,WFC3,F105W
2007af,ib1f41mrq_drz.fits,HST,WFC3,F160W
2007af,hst_15889_06_wfc3_ir_f105w_ie5406_drz.fits,HST,WFC3,F105W
2007af,hst_11570_41_wfc3_ir_total_ib1f41_drz.fits,HST,WFC3,detection
2007af,ie5406010_drz.fits,HST,WFC3,F160W
2007af,hst_skycell-p1286x13y18_wfc3_ir_f105w_all_drz.fits,HST,WFC3,F105W
2007af,hst_11570_42_wfc3_ir_total_ib1f42_drz.fits,HST,WFC3,detection
2007af,hst_skycell-p1376x13y01_wfc3_ir_f125w_coarse-all_drz.fits,HST,WFC3,F125W
2007af,ib1f42t6q_drz.fits,HST,WFC3,F160W
2007af,hst_skycell-p1376x13y01_wfc3_ir_f140w_coarse-all_drz.fits,HST,WFC3,F140W
2007af,hst_skycell-p1286x13y18_wfc3_ir_f125w_all_drz.fits,HST,WFC3,F125W
2007af,hst_11570_42_wfc3_ir_f160w_ib1f42_drz.fits,HST,WFC3,F160W
2007af,hst_skycell-p1376x13y01_wfc3_ir_f160w_all_drz.fits,HST,WFC3,F160W
2007af,hst_15889_06_wfc3_ir_f125w_ie5406_drz.fits,HST,WFC3,F125W
2007af,hst_15889_06_wfc3_ir_total_ie5406_drz.fits,HST,WFC3,detection
2007af,hst_skycell-p1376x13y01_wfc3_ir_f140w_all_drz.fits,HST,WFC3,F140W
2007af,hst_15889_06_wfc3_ir_f160w_ie5406_drz.fits,HST,WFC3,F160W
2007af,hst_skycell-p1376x13y01_wfc3_ir_f105w_coarse-all_drz.fits,HST,WFC3,F105W
2007af,hst_skycell-p1376x13y01_wfc3_ir_f160w_coarse-all_drz.fits,HST,WFC3,F160W
2007af,ib1f41010_drz.fits,HST,WFC3,F160W
2007af,ie5406040_drz.fits,HST,WFC3,F140W
2007af,hst_skycell-p1286x13y18_wfc3_ir_f160w_all_drz.fits,HST,WFC3,F160W
2007af,hst_skycell-p1286x13y18_wfc3_ir_f140w_all_drz.fits,HST,WFC3,F140W
2007af,ie5406070_drz.fits,HST,WFC3,F125W
2007af,hst_skycell-p1286x13y18_wfc3_ir_f140w_coarse-all_drz.fits,HST,WFC3,F140W
2007af,hst_skycell-p1286x13y18_wfc3_ir_f125w_coarse-all_drz.fits,HST,WFC3,F125W
2005al,hst_17446_24_wfc3_ir_f110w_if7r24_drz.fits,HST,WFC3,F110W
2005al,hst_skycell-p0681x19y09_wfc3_ir_f110w_coarse-all_drz.fits,HST,WFC3,F110W
2005al,if7r24010_drz.fits,HST,WFC3,F110W
2005al,hst_skycell-p0681x19y08_wfc3_ir_f110w_coarse-all_drz.fits,HST,WFC3,F110W
2005al,hst_skycell-p0681x19y09_wfc3_ir_f110w_all_drz.fits,HST,WFC3,F110W
2005al,hst_17446_24_wfc3_ir_total_if7r24_drz.fits,HST,WFC3,detection
2005al,hst_skycell-p0681x19y08_wfc3_ir_f110w_all_drz.fits,HST,WFC3,F110W
2005M,HST_10182_e2_NIC_NIC3_F110W_drz.fits,HST,NICMOS,F110W
2005M,HST_10182_e5_NIC_NIC3_F110W_drz.fits,HST,NICMOS,F110W
2005M,HST_10182_e1_NIC_NIC3_F160W_drz.fits,HST,NICMOS,F160W
2005M,HST_10182_e4_NIC_NIC3_F110W_drz.fits,HST,NICMOS,F110W
2005M,HST_10182_e3_NIC_NIC3_F110W_drz.fits,HST,NICMOS,F110W
2005M,HST_10182_e5_NIC_NIC3_F160W_drz.fits,HST,NICMOS,F160W
2005M,HST_10182_e1_NIC_NIC3_F110W_drz.fits,HST,NICMOS,F110W
2005M,HST_10182_e2_NIC_NIC3_F160W_drz.fits,HST,NICMOS,F160W
2005M,HST_10182_e3_NIC_NIC3_F160W_drz.fits,HST,NICMOS,F160W
2005M,HST_10182_e4_NIC_NIC3_F160W_drz.fits,HST,NICMOS,F160W
2005M,n90ze3030_mos.fits,HST,NICMOS,F160W
2005M,n90ze4020_mos.fits,HST,NICMOS,F110W
2005M,n90ze1020_mos.fits,HST,NICMOS,F110W
2005M,n90ze2030_mos.fits,HST,NICMOS,F160W
2005M,n90ze5020_mos.fits,HST,NICMOS,F110W
2005M,n90ze2020_mos.fits,HST,NICMOS,F110W
2005M,n90ze5030_mos.fits,HST,NICMOS,F160W
2005M,n90ze1030_mos.fits,HST,NICMOS,F160W
2005M,n90ze3020_mos.fits,HST,NICMOS,F110W
2005M,n90ze4030_mos.fits,HST,NICMOS,F160W
2005ke,hst_skycell-p0726x07y16_wfc3_ir_f160w_coarse-all_drz.fits,HST,WFC3,F160W
2005ke,hst_skycell-p0726x07y15_wfc3_ir_f160w_all_drz.fits,HST,WFC3,F160W
2005ke,idkv07030_drz.fits,HST,WFC3,F160W
2005ke,hst_skycell-p0726x07y16_wfc3_ir_f160w_all_drz.fits,HST,WFC3,F160W
2005ke,hst_15133_07_wfc3_ir_f160w_idkv07_drz.fits,HST,WFC3,F160W
2005ke,hst_skycell-p0726x07y15_wfc3_ir_f160w_coarse-all_drz.fits,HST,WFC3,F160W
2005ke,hst_15133_07_wfc3_ir_total_idkv07_drz.fits,HST,WFC3,detection
2002fb,hst_17436_12_wfc3_ir_f110w_if7q12_drz.fits,HST,WFC3,F110W
2002fb,hst_17436_12_wfc3_ir_total_if7q12_drz.fits,HST,WFC3,detection
2002fb,if7q12010_drz.fits,HST,WFC3,F110W
2002fk,HST_11329_01_NIC_NIC2_F160W_drz.fits,HST,NICMOS,F160W
2002fk,HST_11329_05_NIC_NIC2_F160W_drz.fits,HST,NICMOS,F160W
2002fk,HST_11329_02_NIC_NIC2_F160W_drz.fits,HST,NICMOS,F160W
2002fk,HST_11329_03_NIC_NIC2_F160W_drz.fits,HST,NICMOS,F160W
2002fk,HST_11329_04_NIC_NIC2_F160W_drz.fits,HST,NICMOS,F160W
2002fk,HST_10802_56_NIC_NIC2_F160W_drz.fits,HST,NICMOS,F160W
2002fk,HST_10802_f4_NIC_NIC2_F160W_drz.fits,HST,NICMOS,F160W
2002fk,HST_10802_f5_NIC_NIC2_F160W_drz.fits,HST,NICMOS,F160W
2002fk,HST_10802_58_NIC_NIC2_F160W_drz.fits,HST,NICMOS,F160W
2002fk,hst_11570_20_wfc3_ir_f160w_drz.fits,HST,WFC3,F160W
2002fk,HST_10802_57_NIC_NIC2_F160W_drz.fits,HST,NICMOS,F160W
2002fk,HST_10802_55_NIC_NIC2_F160W_drz.fits,HST,NICMOS,F160W
2002fk,HST_10802_f7_NIC_NIC2_F160W_drz.fits,HST,NICMOS,F160W
2002fk,HST_10802_f6_NIC_NIC2_F160W_drz.fits,HST,NICMOS,F160W
2002fk,hst_16234_70_wfc3_ir_f160w_ieel70_drz.fits,HST,WFC3,F160W
2002fk,na4m03010_mos.fits,HST,NICMOS,F160W
2002fk,idgg31020_drz.fits,HST,WFC3,F160W
2002fk,idgg3b020_drz.fits,HST,WFC3,F160W
2002fk,idgg35020_drz.fits,HST,WFC3,F160W
2002fk,hst_15145_3b_wfc3_ir_f160w_idgg3b_drz.fits,HST,WFC3,F160W
2002fk,n9r758010_mos.fits,HST,NICMOS,F160W
2002fk,hst_15145_3b_wfc3_ir_total_idgg3b_drz.fits,HST,WFC3,detection
2002fk,hst_skycell-p2583x18y09_wfc3_ir_f160w_coarse-all_drz.fits,HST,WFC3,F160W
2002fk,hst_16234_70_wfc3_ir_total_ieel70_drz.fits,HST,WFC3,detection
2002fk,ib1f20030_drz.fits,HST,WFC3,F160W
2002fk,na4m02010_mos.fits,HST,NICMOS,F160W
2002fk,hst_skycell-p2583x18y09_wfc3_ir_f160w_all_drz.fits,HST,WFC3,F160W
2002fk,hst_15889_02_wfc3_ir_total_ie5402_drz.fits,HST,WFC3,detection
2002fk,hst_skycell-p0978x05y05_wfc3_ir_f160w_all_drz.fits,HST,WFC3,F160W
2002fk,n9r7f6010_mos.fits,HST,NICMOS,F160W
2002fk,n9r757010_mos.fits,HST,NICMOS,F160W
2002fk,ib1f20040_drz.fits,HST,WFC3,F160W
2002fk,hst_15145_31_wfc3_ir_total_idgg31_drz.fits,HST,WFC3,detection
2002fk,hst_15145_33_wfc3_ir_f160w_idgg33_drz.fits,HST,WFC3,F160W
2002fk,hst_15145_33_wfc3_ir_total_idgg33_drz.fits,HST,WFC3,detection
2002fk,hst_15145_31_wfc3_ir_f160w_idgg31_drz.fits,HST,WFC3,F160W
2002fk,hst_15889_02_wfc3_ir_f160w_ie5402_drz.fits,HST,WFC3,F160W
2002fk,n9r756010_mos.fits,HST,NICMOS,F160W
2002fk,n9r7f7010_mos.fits,HST,NICMOS,F160W
2002fk,hst_15145_35_wfc3_ir_total_idgg35_drz.fits,HST,WFC3,detection
2002fk,hst_16234_69_wfc3_ir_f160w_ieel69_drz.fits,HST,WFC3,F160W
2002fk,hst_15145_37_wfc3_ir_f160w_idgg37_drz.fits,HST,WFC3,F160W
2002fk,hst_11570_20_wfc3_ir_total_ib1f20_drz.fits,HST,WFC3,detection
2002fk,n9r755010_mos.fits,HST,NICMOS,F160W
2002fk,n9r7f4010_mos.fits,HST,NICMOS,F160W
2002fk,idgg39020_drz.fits,HST,WFC3,F160W
2002fk,hst_skycell-p0978x05y05_wfc3_ir_f160w_coarse-all_drz.fits,HST,WFC3,F160W
2002fk,hst_11570_20_wfc3_ir_f160w_ib1f20_drz.fits,HST,WFC3,F160W
2002fk,n9r7f5010_mos.fits,HST,NICMOS,F160W
2002fk,hst_16234_69_wfc3_ir_total_ieel69_drz.fits,HST,WFC3,detection
2002fk,hst_15145_37_wfc3_ir_total_idgg37_drz.fits,HST,WFC3,detection
2002fk,hst_15145_35_wfc3_ir_f160w_idgg35_drz.fits,HST,WFC3,F160W
2002fk,hst_15145_39_wfc3_ir_f160w_idgg39_drz.fits,HST,WFC3,F160W
2002fk,ib1f20020_drz.fits,HST,WFC3,F160W
2002fk,idgg37020_drz.fits,HST,WFC3,F160W
2002fk,na4m05010_mos.fits,HST,NICMOS,F160W
2002fk,ib1f20010_drz.fits,HST,WFC3,F160W
2002fk,na4m01010_mos.fits,HST,NICMOS,F160W
2002fk,idgg33020_drz.fits,HST,WFC3,F160W
2002fk,hst_15145_39_wfc3_ir_total_idgg39_drz.fits,HST,WFC3,detection
2002fk,na4m04010_mos.fits,HST,NICMOS,F160W
2007sr,hst_11577_20_wfc3_ir_f160w_ib5u20_drz.fits,HST,WFC3,F160W
2007sr,ie5407060_drz.fits,HST,WFC3,F105W
2007sr,hst_skycell-p0923x09y07_wfc3_ir_f105w_all_drz.fits,HST,WFC3,F105W
2007sr,hst_skycell-p0923x09y07_wfc3_ir_f140w_coarse-all_drz.fits,HST,WFC3,F140W
2007sr,hst_skycell-p0923x09y07_wfc3_ir_f125w_coarse-all_drz.fits,HST,WFC3,F125W
2007sr,hst_skycell-p0923x09y07_wfc3_ir_f125w_all_drz.fits,HST,WFC3,F125W
2007sr,hst_11577_20_wfc3_ir_total_ib5u20_drz.fits,HST,WFC3,detection
2007sr,hst_15889_07_wfc3_ir_f140w_ie5407_drz.fits,HST,WFC3,F140W
2007sr,ie5407010_drz.fits,HST,WFC3,F160W
2007sr,hst_15889_07_wfc3_ir_f105w_ie5407_drz.fits,HST,WFC3,F105W
2007sr,hst_skycell-p0923x09y07_wfc3_ir_f160w_all_drz.fits,HST,WFC3,F160W
2007sr,hst_skycell-p0923x09y07_wfc3_ir_f140w_all_drz.fits,HST,WFC3,F140W
2007sr,hst_skycell-p0923x09y07_wfc3_ir_f160w_coarse-all_drz.fits,HST,WFC3,F160W
2007sr,hst_15889_07_wfc3_ir_f125w_ie5407_drz.fits,HST,WFC3,F125W
2007sr,hst_15889_07_wfc3_ir_total_ie5407_drz.fits,HST,WFC3,detection
2007sr,hst_skycell-p0923x09y07_wfc3_ir_f105w_coarse-all_drz.fits,HST,WFC3,F105W
2007sr,hst_15889_07_wfc3_ir_f160w_ie5407_drz.fits,HST,WFC3,F160W
2007sr,ie5407070_drz.fits,HST,WFC3,F125W
2007sr,ie5407040_drz.fits,HST,WFC3,F140W
2002cr,hst_15145_59_wfc3_ir_total_idgg59_drz.fits,HST,WFC3,detection
2002cr,idgg51020_drz.fits,HST,WFC3,F160W
2002cr,hst_15145_59_wfc3_ir_f160w_idgg59_drz.fits,HST,WFC3,F160W
2002cr,idgg5b020_drz.fits,HST,WFC3,F160W
2002cr,hst_skycell-p1195x06y13_wfc3_ir_f160w_coarse-all_drz.fits,HST,WFC3,F160W
2002cr,idgg55020_drz.fits,HST,WFC3,F160W
2002cr,hst_skycell-p1195x06y13_wfc3_ir_f160w_all_drz.fits,HST,WFC3,F160W
2002cr,hst_15145_55_wfc3_ir_f160w_idgg55_drz.fits,HST,WFC3,F160W
2002cr,hst_15145_57_wfc3_ir_total_idgg57_drz.fits,HST,WFC3,detection
2002cr,hst_15145_57_wfc3_ir_f160w_idgg57_drz.fits,HST,WFC3,F160W
2002cr,hst_15145_55_wfc3_ir_total_idgg55_drz.fits,HST,WFC3,detection
2002cr,hst_15145_51_wfc3_ir_f160w_idgg51_drz.fits,HST,WFC3,F160W
2002cr,hst_15145_53_wfc3_ir_total_idgg53_drz.fits,HST,WFC3,detection
2002cr,hst_15145_53_wfc3_ir_f160w_idgg53_drz.fits,HST,WFC3,F160W
2002cr,hst_15145_51_wfc3_ir_total_idgg51_drz.fits,HST,WFC3,detection
2002cr,idgg59020_drz.fits,HST,WFC3,F160W
2002cr,hst_skycell-p1195x05y13_wfc3_ir_f160w_coarse-all_drz.fits,HST,WFC3,F160W
2002cr,hst_15145_5b_wfc3_ir_total_idgg5b_drz.fits,HST,WFC3,detection
2002cr,idgg57020_drz.fits,HST,WFC3,F160W
2002cr,hst_15145_5b_wfc3_ir_f160w_idgg5b_drz.fits,HST,WFC3,F160W
2002cr,idgg53020_drz.fits,HST,WFC3,F160W
2008fv,hst_16234_70_wfc3_ir_f160w_ieel70_drz.fits,HST,WFC3,F160W
2008fv,idgg31020_drz.fits,HST,WFC3,F160W
2008fv,idgg3b020_drz.fits,HST,WFC3,F160W
2008fv,idgg35020_drz.fits,HST,WFC3,F160W
2008fv,hst_15145_3b_wfc3_ir_f160w_idgg3b_drz.fits,HST,WFC3,F160W
2008fv,hst_15145_3b_wfc3_ir_total_idgg3b_drz.fits,HST,WFC3,detection
2008fv,hst_skycell-p2583x18y09_wfc3_ir_f160w_coarse-all_drz.fits,HST,WFC3,F160W
2008fv,hst_16234_70_wfc3_ir_total_ieel70_drz.fits,HST,WFC3,detection
2008fv,hst_skycell-p2583x18y09_wfc3_ir_f160w_all_drz.fits,HST,WFC3,F160W
2008fv,hst_15145_31_wfc3_ir_total_idgg31_drz.fits,HST,WFC3,detection
2008fv,hst_15145_33_wfc3_ir_f160w_idgg33_drz.fits,HST,WFC3,F160W
2008fv,hst_15145_33_wfc3_ir_total_idgg33_drz.fits,HST,WFC3,detection
2008fv,hst_15145_31_wfc3_ir_f160w_idgg31_drz.fits,HST,WFC3,F160W
2008fv,hst_15145_35_wfc3_ir_total_idgg35_drz.fits,HST,WFC3,detection
2008fv,hst_16234_69_wfc3_ir_f160w_ieel69_drz.fits,HST,WFC3,F160W
2008fv,hst_15145_37_wfc3_ir_f160w_idgg37_drz.fits,HST,WFC3,F160W
2008fv,idgg39020_drz.fits,HST,WFC3,F160W
2008fv,hst_16234_69_wfc3_ir_total_ieel69_drz.fits,HST,WFC3,detection
2008fv,hst_15145_37_wfc3_ir_total_idgg37_drz.fits,HST,WFC3,detection
2008fv,hst_15145_35_wfc3_ir_f160w_idgg35_drz.fits,HST,WFC3,F160W
2008fv,hst_15145_39_wfc3_ir_f160w_idgg39_drz.fits,HST,WFC3,F160W
2008fv,idgg37020_drz.fits,HST,WFC3,F160W
2008fv,idgg33020_drz.fits,HST,WFC3,F160W
2008fv,hst_15145_39_wfc3_ir_total_idgg39_drz.fits,HST,WFC3,detection
2006mr,hst_11691_03_wfc3_ir_f160w_drz.fits,HST,WFC3,F160W
2006mr,hst_11691_03_wfc3_ir_f110w_drz.fits,HST,WFC3,F110W
2006mr,hst_13691_32_wfc3_ir_f160w_icnw32_drz.fits,HST,WFC3,F160W
2006mr,hst_13691_32_wfc3_ir_total_icnw32_drz.fits,HST,WFC3,detection
2006mr,ib3n03030_drz.fits,HST,WFC3,F110W
2006mr,n4b707010_mos.fits,HST,NICMOS,F110W
2006mr,n4b707020_mos.fits,HST,NICMOS,F110W
2006mr,hst_11691_03_wfc3_ir_f160w_ib3n03_drz.fits,HST,WFC3,F160W
2006mr,n4b707030_mos.fits,HST,NICMOS,F160W
2006mr,hst_13691_37_wfc3_ir_total_icnw37_drz.fits,HST,WFC3,detection
2006mr,hst_skycell-p0497x09y14_wfc3_ir_f110w_all_drz.fits,HST,WFC3,F110W
2006mr,hst_11691_03_wfc3_ir_total_ib3n03_drz.fits,HST,WFC3,detection
2006mr,hst_skycell-p0497x09y14_wfc3_ir_f160w_coarse-all_drz.fits,HST,WFC3,F160W
2006mr,ib3n03050_drz.fits,HST,WFC3,F160W
2006mr,hst_skycell-p0497x09y14_wfc3_ir_f110w_coarse-all_drz.fits,HST,WFC3,F110W
2006mr,hst_13691_36_wfc3_ir_f160w_icnw36_drz.fits,HST,WFC3,F160W
2006mr,ib3n03060_drz.fits,HST,WFC3,F110W
2006mr,hst_11691_03_wfc3_ir_f110w_ib3n03_drz.fits,HST,WFC3,F110W
2006mr,hst_13691_36_wfc3_ir_total_icnw36_drz.fits,HST,WFC3,detection
2006mr,n4b707040_mos.fits,HST,NICMOS,F160W
2006mr,hst_13691_37_wfc3_ir_f110w_icnw37_drz.fits,HST,WFC3,F110W
2006mr,n4b707070_mos.fits,HST,NICMOS,F110M
2007F,hst_11110_04_acs_sbc_f125lp_drz.fits,HST,ACS,
2007F,hst_11110_04_acs_sbc_f140lp_drz.fits,HST,ACS,
2007F,hst_11110_04_acs_sbc_f150lp_drz.fits,HST,ACS,
2007F,j9zp04010_drz.fits,HST,ACS,
2007F,hst_11110_04_acs_sbc_f140lp_j9zp04_drz.fits,HST,ACS,F140LP;N/A
2007F,j9zp04020_drz.fits,HST,ACS,
2007F,hst_11110_04_acs_sbc_f150lp_j9zp04_drz.fits,HST,ACS,F150LP;N/A
2007F,j9zp04030_drz.fits,HST,ACS,
2007F,hst_11110_04_acs_sbc_total_j9zp04_drz.fits,HST,ACS,detection
2007F,hst_11110_04_acs_sbc_f125lp_j9zp04_drz.fits,HST,ACS,F125LP;N/A
2010ai,hst_14182_12_wfc3_ir_total_icwr12_drz.fits,HST,WFC3,detection
2010ai,icwr14050_drz.fits,HST,WFC3,F160W
2010ai,hst_14182_12_wfc3_ir_f160w_icwr12_drz.fits,HST,WFC3,F160W
2010ai,hst_14182_13_wfc3_ir_total_icwr13_drz.fits,HST,WFC3,detection
2010ai,hst_11711_02_wfc3_ir_f160w_ib2i02_drz.fits,HST,WFC3,F160W
2010ai,hst_14182_11_wfc3_ir_f160w_icwr11_drz.fits,HST,WFC3,F160W
2010ai,hst_11711_02_wfc3_ir_total_ib2i02_drz.fits,HST,WFC3,detection
2010ai,hst_14182_11_wfc3_ir_total_icwr11_drz.fits,HST,WFC3,detection
2010ai,hst_14182_13_wfc3_ir_f160w_icwr13_drz.fits,HST,WFC3,F160W
2010ai,hst_skycell-p1892x05y19_wfc3_ir_f160w_all_drz.fits,HST,WFC3,F160W
2010ai,hst_14182_06_wfc3_ir_f160w_icwr06_drz.fits,HST,WFC3,F160W
2010ai,hst_14182_18_wfc3_ir_total_icwr18_drz.fits,HST,WFC3,detection
2010ai,hst_14182_18_wfc3_ir_f160w_icwr18_drz.fits,HST,WFC3,F160W
2010ai,hst_skycell-p1973x15y03_wfc3_ir_f160w_coarse-all_drz.fits,HST,WFC3,F160W
2010ai,hst_14182_06_wfc3_ir_total_icwr06_drz.fits,HST,WFC3,detection
2010ai,hst_14182_59_wfc3_ir_f160w_icwr59_drz.fits,HST,WFC3,F160W
2010ai,hst_skycell-p1892x05y19_wfc3_ir_f160w_coarse-all_drz.fits,HST,WFC3,F160W
2010ai,hst_14182_07_wfc3_ir_f160w_icwr07_drz.fits,HST,WFC3,F160W
2010ai,hst_skycell-p1973x15y02_wfc3_ir_f160w_all_drz.fits,HST,WFC3,F160W
2010ai,hst_14182_14_wfc3_ir_f160w_icwr14_drz.fits,HST,WFC3,F160W
2010ai,hst_skycell-p1973x15y02_wfc3_ir_f160w_coarse-all_drz.fits,HST,WFC3,F160W
2010ai,hst_14182_14_wfc3_ir_total_icwr14_drz.fits,HST,WFC3,detection
2010ai,hst_skycell-p1973x15y03_wfc3_ir_f160w_all_drz.fits,HST,WFC3,F160W
2010ai,hst_14182_59_wfc3_ir_total_icwr59_drz.fits,HST,WFC3,detection
2010ai,hst_14182_07_wfc3_ir_total_icwr07_drz.fits,HST,WFC3,detection
2007A,iedh20020_drz.fits,HST,WFC3,F160W
2007A,iedh14020_drz.fits,HST,WFC3,F160W
2007A,hst_skycell-p1592x19y06_wfc3_ir_f160w_coarse-all_drz.fits,HST,WFC3,F160W
2007A,hst_16269_12_wfc3_ir_f160w_iedh12_drz.fits,HST,WFC3,F160W
2007A,hst_16269_12_wfc3_ir_total_iedh12_drz.fits,HST,WFC3,detection
2007A,hst_16269_16_wfc3_ir_f160w_iedh16_drz.fits,HST,WFC3,F160W
2007A,hst_16269_14_wfc3_ir_total_iedh14_drz.fits,HST,WFC3,detection
2007A,iedh18020_drz.fits,HST,WFC3,F160W
2007A,hst_16269_14_wfc3_ir_f160w_iedh14_drz.fits,HST,WFC3,F160W
2007A,hst_16269_16_wfc3_ir_total_iedh16_drz.fits,HST,WFC3,detection
2007A,iedh12020_drz.fits,HST,WFC3,F160W
2007A,hst_16269_22_wfc3_ir_total_iedh22_drz.fits,HST,WFC3,detection
2007A,hst_16269_20_wfc3_ir_f160w_iedh20_drz.fits,HST,WFC3,F160W
2007A,hst_16269_18_wfc3_ir_f160w_iedh18_drz.fits,HST,WFC3,F160W
2007A,iedh22020_drz.fits,HST,WFC3,F160W
2007A,iedh16020_drz.fits,HST,WFC3,F160W
2007A,hst_skycell-p1592x19y06_wfc3_ir_f160w_all_drz.fits,HST,WFC3,F160W
2007A,hst_16269_20_wfc3_ir_total_iedh20_drz.fits,HST,WFC3,detection
2007A,hst_16269_22_wfc3_ir_f160w_iedh22_drz.fits,HST,WFC3,F160W
2007A,hst_16269_18_wfc3_ir_total_iedh18_drz.fits,HST,WFC3,detection
2008L,hst_skycell-p2166x06y08_wfc3_ir_f110w_all_drz.fits,HST,WFC3,F110W
2008L,hst_skycell-p2166x06y09_wfc3_ir_f110w_coarse-all_drz.fits,HST,WFC3,F110W
2008L,hst_skycell-p2166x06y09_wfc3_ir_f110w_all_drz.fits,HST,WFC3,F110W
2008L,hst_skycell-p2166x06y08_wfc3_ir_f110w_coarse-all_drz.fits,HST,WFC3,F110W
2008L,hst_14654_14_wfc3_ir_f110w_id9214_drz.fits,HST,WFC3,F110W
2008L,id9214010_drz.fits,HST,WFC3,F110W
2008L,id9214020_drz.fits,HST,WFC3,F110W
2008L,hst_14654_14_wfc3_ir_total_id9214_drz.fits,HST,WFC3,detection
2005cf,HST_10182_l5_NIC_NIC3_F160W_drz.fits,HST,NICMOS,F160W
2005cf,HST_10182_l9_NIC_NIC3_F110W_drz.fits,HST,NICMOS,F110W
2005cf,HST_10182_l1_NIC_NIC3_F110W_drz.fits,HST,NICMOS,F110W
2005cf,HST_10182_l2_NIC_NIC3_F160W_drz.fits,HST,NICMOS,F160W
2005cf,HST_10182_l6_NIC_NIC3_F110W_drz.fits,HST,NICMOS,F110W
2005cf,HST_10182_l7_NIC_NIC3_F110W_drz.fits,HST,NICMOS,F110W
2005cf,HST_10182_l3_NIC_NIC3_F160W_drz.fits,HST,NICMOS,F160W
2005cf,HST_10182_l4_NIC_NIC3_F160W_drz.fits,HST,NICMOS,F160W
2005cf,HST_10182_l8_NIC_NIC3_F110W_drz.fits,HST,NICMOS,F110W
2005cf,HST_10182_l2_NIC_NIC3_F110W_drz.fits,HST,NICMOS,F110W
2005cf,HST_10182_l6_NIC_NIC3_F160W_drz.fits,HST,NICMOS,F160W
2005cf,HST_10182_l9_NIC_NIC3_F160W_drz.fits,HST,NICMOS,F160W
2005cf,HST_10182_l5_NIC_NIC3_F110W_drz.fits,HST,NICMOS,F110W
2005cf,HST_10182_l1_NIC_NIC3_F160W_drz.fits,HST,NICMOS,F160W
2005cf,HST_10182_l8_NIC_NIC3_F160W_drz.fits,HST,NICMOS,F160W
2005cf,HST_10182_l4_NIC_NIC3_F110W_drz.fits,HST,NICMOS,F110W
2005cf,HST_10182_l7_NIC_NIC3_F160W_drz.fits,HST,NICMOS,F160W
2005cf,HST_10182_l3_NIC_NIC3_F110W_drz.fits,HST,NICMOS,F110W
2005cf,HST_10182_la_NIC_NIC3_F110W_drz.fits,HST,NICMOS,F110W
2005cf,HST_10182_la_NIC_NIC3_F160W_drz.fits,HST,NICMOS,F160W
2005cf,n90zl8020_mos.fits,HST,NICMOS,F110W
2005cf,hst_12880_46_wfc3_ir_total_ic1346_drz.fits,HST,WFC3,detection
2005cf,hst_skycell-p1200x12y05_wfc3_ir_f125w_coarse-all_drz.fits,HST,WFC3,F125W
2005cf,ie5404070_drz.fits,HST,WFC3,F125W
2005cf,hst_15889_04_wfc3_ir_f105w_ie5404_drz.fits,HST,WFC3,F105W
2005cf,ie5404040_drz.fits,HST,WFC3,F140W
2005cf,hst_skycell-p1200x12y05_wfc3_ir_f140w_coarse-all_drz.fits,HST,WFC3,F140W
2005cf,hst_15889_04_wfc3_ir_f140w_ie5404_drz.fits,HST,WFC3,F140W
2005cf,n90zl9020_mos.fits,HST,NICMOS,F110W
2005cf,hst_12880_46_wfc3_ir_f160w_ic1346_drz.fits,HST,WFC3,F160W
2005cf,hst_skycell-p1200x12y05_wfc3_ir_f160w_all_drz.fits,HST,WFC3,F160W
2005cf,n90zl2020_mos.fits,HST,NICMOS,F110W
2005cf,n90zl5030_mos.fits,HST,NICMOS,F160W
2005cf,n90zl1030_mos.fits,HST,NICMOS,F160W
2005cf,n90zl6020_mos.fits,HST,NICMOS,F110W
2005cf,hst_skycell-p1200x12y05_wfc3_ir_f140w_all_drz.fits,HST,WFC3,F140W
2005cf,n90zla020_mos.fits,HST,NICMOS,F110W
2005cf,n90zl7020_mos.fits,HST,NICMOS,F110W
2005cf,n90zl3020_mos.fits,HST,NICMOS,F110W
2005cf,n90zl4030_mos.fits,HST,NICMOS,F160W
2005cf,hst_12880_39_wfc3_ir_total_ic1339_drz.fits,HST,WFC3,detection
2005cf,n90zl3030_mos.fits,HST,NICMOS,F160W
2005cf,n90zl4020_mos.fits,HST,NICMOS,F110W
2005cf,hst_12880_41_wfc3_ir_f160w_ic1341_drz.fits,HST,WFC3,F160W
2005cf,hst_12880_43_wfc3_ir_total_ic1343_drz.fits,HST,WFC3,detection
2005cf,hst_15889_04_wfc3_ir_f160w_ie5404_drz.fits,HST,WFC3,F160W
2005cf,ie5404010_drz.fits,HST,WFC3,F160W
2005cf,n90zl7030_mos.fits,HST,NICMOS,F160W
2005cf,hst_15889_04_wfc3_ir_total_ie5404_drz.fits,HST,WFC3,detection
2005cf,hst_12880_43_wfc3_ir_f160w_ic1343_drz.fits,HST,WFC3,F160W
2005cf,hst_12880_41_wfc3_ir_total_ic1341_drz.fits,HST,WFC3,detection
2005cf,n90zl1020_mos.fits,HST,NICMOS,F110W
2005cf,n90zl6030_mos.fits,HST,NICMOS,F160W
2005cf,n90zla030_mos.fits,HST,NICMOS,F160W
2005cf,hst_12880_39_wfc3_ir_f160w_ic1339_drz.fits,HST,WFC3,F160W
2005cf,n90zl2030_mos.fits,HST,NICMOS,F160W
2005cf,n90zl5020_mos.fits,HST,NICMOS,F110W
2005cf,hst_15889_04_wfc3_ir_f125w_ie5404_drz.fits,HST,WFC3,F125W
2005cf,n90zl9030_mos.fits,HST,NICMOS,F160W
2005cf,hst_skycell-p1200x12y05_wfc3_ir_f105w_all_drz.fits,HST,WFC3,F105W
2005cf,hst_12880_35_wfc3_ir_f160w_ic1335_drz.fits,HST,WFC3,F160W
2005cf,hst_12880_40_wfc3_ir_f160w_ic1340_drz.fits,HST,WFC3,F160W
2005cf,hst_skycell-p1200x12y05_wfc3_ir_f125w_all_drz.fits,HST,WFC3,F125W
2005cf,hst_12880_40_wfc3_ir_total_ic1340_drz.fits,HST,WFC3,detection
2005cf,hst_skycell-p1200x12y05_wfc3_ir_f105w_coarse-all_drz.fits,HST,WFC3,F105W
2005cf,n90zl8030_mos.fits,HST,NICMOS,F160W
2005cf,ie5404060_drz.fits,HST,WFC3,F105W
2005cf,hst_12880_35_wfc3_ir_total_ic1335_drz.fits,HST,WFC3,detection
2005cf,hst_skycell-p1200x12y05_wfc3_ir_f160w_coarse-all_drz.fits,HST,WFC3,F160W
2001ah,hst_16075_01_wfc3_ir_f110w_ie9801_drz.fits,HST,WFC3,F110W
2001ah,hst_14178_cs_wfc3_ir_total_id1kcs_drz.fits,HST,WFC3,detection
2001ah,hst_16500_62_wfc3_ir_f160w_iejn62_drz.fits,HST,WFC3,F160W
2001ah,hst_14178_cr_wfc3_ir_f110w_id1kcr_drz.fits,HST,WFC3,F110W
2001ah,hst_16500_62_wfc3_ir_total_iejn62_drz.fits,HST,WFC3,detection
2001ah,hst_skycell-p1722x05y02_wfc3_ir_f110w_all_drz.fits,HST,WFC3,F110W
2001ah,iejn62010_drz.fits,HST,WFC3,F160W
2001ah,ie9801020_drz.fits,HST,WFC3,F160W
2001ah,hst_14178_cr_wfc3_ir_total_id1kcr_drz.fits,HST,WFC3,detection
2001ah,hst_skycell-p1722x05y02_wfc3_ir_f160w_all_drz.fits,HST,WFC3,F160W
2001ah,hst_16075_01_wfc3_ir_total_ie9801_drz.fits,HST,WFC3,detection
2001ah,ie9801010_drz.fits,HST,WFC3,F110W
2001ah,hst_14178_cs_wfc3_ir_f110w_id1kcs_drz.fits,HST,WFC3,F110W
2001ah,hst_16075_01_wfc3_ir_f160w_ie9801_drz.fits,HST,WFC3,F160W
2001ah,iejn02010_drz.fits,HST,WFC3,F160W
2001ah,hst_14178_cr_wfc3_ir_f160w_id1kcr_drz.fits,HST,WFC3,F160W
2001ah,hst_skycell-p1635x04y19_wfc3_ir_f160w_all_drz.fits,HST,WFC3,F160W
2001ah,idkv31030_drz.fits,HST,WFC3,F160W
2001ah,hst_skycell-p1722x05y02_wfc3_ir_f110w_coarse-all_drz.fits,HST,WFC3,F110W
2001ah,hst_skycell-p1722x05y02_wfc3_ir_f160w_coarse-all_drz.fits,HST,WFC3,F160W
2001ah,hst_14178_ct_wfc3_ir_total_id1kct_drz.fits,HST,WFC3,detection
2001ah,hst_skycell-p1636x21y19_wfc3_ir_f110w_all_drz.fits,HST,WFC3,F110W
2001ah,hst_skycell-p1636x21y19_wfc3_ir_f110w_coarse-all_drz.fits,HST,WFC3,F110W
2001ah,hst_skycell-p1636x21y19_wfc3_ir_f160w_coarse-all_drz.fits,HST,WFC3,F160W
2001ah,hst_skycell-p1635x04y19_wfc3_ir_f110w_coarse-all_drz.fits,HST,WFC3,F110W
2001ah,hst_skycell-p1635x04y19_wfc3_ir_f160w_coarse-all_drz.fits,HST,WFC3,F160W
2001ah,hst_16500_02_wfc3_ir_total_iejn02_drz.fits,HST,WFC3,detection
2001ah,hst_15133_31_wfc3_ir_f160w_idkv31_drz.fits,HST,WFC3,F160W
2001ah,hst_skycell-p1636x21y19_wfc3_ir_f160w_all_drz.fits,HST,WFC3,F160W
2001ah,hst_14178_cu_wfc3_ir_f160w_id1kcu_drz.fits,HST,WFC3,F160W
2001ah,hst_15133_31_wfc3_ir_total_idkv31_drz.fits,HST,WFC3,detection
2001ah,hst_14178_cu_wfc3_ir_total_id1kcu_drz.fits,HST,WFC3,detection
2001ah,hst_16500_02_wfc3_ir_f160w_iejn02_drz.fits,HST,WFC3,F160W
2001ah,hst_14178_ct_wfc3_ir_f110w_id1kct_drz.fits,HST,WFC3,F110W
2001ah,hst_skycell-p1635x04y19_wfc3_ir_f110w_all_drz.fits,HST,WFC3,F110W
2005ki,hst_17446_14_wfc3_ir_f110w_if7r14_drz.fits,HST,WFC3,F110W
2005ki,hst_17446_14_wfc3_ir_total_if7r14_drz.fits,HST,WFC3,detection
2005ki,if7r14010_drz.fits,HST,WFC3,F110W
2001az,hst_17436_89_wfc3_ir_total_if7q89_drz.fits,HST,WFC3,detection
2001az,if7q89010_drz.fits,HST,WFC3,F110W
2001az,hst_17436_89_wfc3_ir_f110w_if7q89_drz.fits,HST,WFC3,F110W
2005dv,HST_7867_13_NIC_NIC1_F160W_drz.fits,HST,NICMOS,F160W
2005dv,HST_7867_13_NIC_NIC1_F110W_drz.fits,HST,NICMOS,F110W
2005dv,n4m513010_mos.fits,HST,NICMOS,F110W
2005dv,n4m513020_mos.fits,HST,NICMOS,F160W
2003du,hst_12880_69_wfc3_ir_f160w_drz.fits,HST,WFC3,F160W
2003du,hst_12880_63_wfc3_ir_f160w_drz.fits,HST,WFC3,F160W
2003du,hst_12880_70_wfc3_ir_f160w_drz.fits,HST,WFC3,F160W
2003du,hst_12880_93_wfc3_ir_f160w_drz.fits,HST,WFC3,F160W
2003du,hst_12880_59_wfc3_ir_f160w_drz.fits,HST,WFC3,F160W
2003du,hst_12880_60_wfc3_ir_f160w_drz.fits,HST,WFC3,F160W
2003du,hst_12880_65_wfc3_ir_f160w_drz.fits,HST,WFC3,F160W
2003du,hst_12880_61_wfc3_ir_f160w_drz.fits,HST,WFC3,F160W
2003du,hst_12880_66_wfc3_ir_f160w_drz.fits,HST,WFC3,F160W
2003du,hst_12880_62_wfc3_ir_f160w_drz.fits,HST,WFC3,F160W
2003du,hst_12880_68_wfc3_ir_f160w_drz.fits,HST,WFC3,F160W
2003du,ie5403060_drz.fits,HST,WFC3,F105W
2003du,hst_15889_03_wfc3_ir_total_ie5403_drz.fits,HST,WFC3,detection
2003du,ic1359020_drz.fits,HST,WFC3,F160W
2003du,ic1369020_drz.fits,HST,WFC3,F160W
2003du,hst_12880_93_wfc3_ir_f160w_ic1393_drz.fits,HST,WFC3,F160W
2003du,hst_12880_62_wfc3_ir_total_ic1362_drz.fits,HST,WFC3,detection
2003du,hst_12880_60_wfc3_ir_f160w_ic1360_drz.fits,HST,WFC3,F160W
2003du,hst_15889_03_wfc3_ir_f125w_ie5403_drz.fits,HST,WFC3,F125W
2003du,ic1368020_drz.fits,HST,WFC3,F160W
2003du,hst_12880_60_wfc3_ir_total_ic1360_drz.fits,HST,WFC3,detection
2003du,hst_12880_62_wfc3_ir_f160w_ic1362_drz.fits,HST,WFC3,F160W
2003du,hst_skycell-p2434x05y17_wfc3_ir_f140w_coarse-all_drz.fits,HST,WFC3,F140W
2003du,hst_12880_93_wfc3_ir_total_ic1393_drz.fits,HST,WFC3,detection
2003du,hst_skycell-p2434x05y17_wfc3_ir_f160w_all_drz.fits,HST,WFC3,F160W
2003du,hst_15889_03_wfc3_ir_f160w_ie5403_drz.fits,HST,WFC3,F160W
2003du,hst_skycell-p2434x05y17_wfc3_ir_f140w_all_drz.fits,HST,WFC3,F140W
2003du,hst_skycell-p2434x05y17_wfc3_ir_f125w_coarse-all_drz.fits,HST,WFC3,F125W
2003du,hst_12880_70_wfc3_ir_total_ic1370_drz.fits,HST,WFC3,detection
2003du,hst_12880_61_wfc3_ir_f160w_ic1361_drz.fits,HST,WFC3,F160W
2003du,hst_12880_63_wfc3_ir_total_ic1363_drz.fits,HST,WFC3,detection
2003du,ic1363020_drz.fits,HST,WFC3,F160W
2003du,hst_12880_59_wfc3_ir_f160w_ic1359_drz.fits,HST,WFC3,F160W
2003du,ie5403010_drz.fits,HST,WFC3,F160W
2003du,hst_12880_63_wfc3_ir_f160w_ic1363_drz.fits,HST,WFC3,F160W
2003du,hst_12880_61_wfc3_ir_total_ic1361_drz.fits,HST,WFC3,detection
2003du,ic1362020_drz.fits,HST,WFC3,F160W
2003du,hst_12880_59_wfc3_ir_total_ic1359_drz.fits,HST,WFC3,detection
2003du,hst_12880_70_wfc3_ir_f160w_ic1370_drz.fits,HST,WFC3,F160W
2003du,ic1366020_drz.fits,HST,WFC3,F160W
2003du,hst_12880_68_wfc3_ir_total_ic1368_drz.fits,HST,WFC3,detection
2003du,hst_15889_03_wfc3_ir_f140w_ie5403_drz.fits,HST,WFC3,F140W
2003du,ic1361020_drz.fits,HST,WFC3,F160W
2003du,hst_12880_65_wfc3_ir_f160w_ic1365_drz.fits,HST,WFC3,F160W
2003du,ic1365020_drz.fits,HST,WFC3,F160W
2003du,hst_skycell-p2434x05y17_wfc3_ir_f105w_all_drz.fits,HST,WFC3,F105W
2003du,hst_15889_03_wfc3_ir_f105w_ie5403_drz.fits,HST,WFC3,F105W
2003du,hst_skycell-p2434x05y17_wfc3_ir_f125w_all_drz.fits,HST,WFC3,F125W
2003du,ic1370020_drz.fits,HST,WFC3,F160W
2003du,hst_12880_68_wfc3_ir_f160w_ic1368_drz.fits,HST,WFC3,F160W
2003du,ic1360020_drz.fits,HST,WFC3,F160W
2003du,ic1393020_drz.fits,HST,WFC3,F160W
2003du,hst_12880_65_wfc3_ir_total_ic1365_drz.fits,HST,WFC3,detection
2003du,hst_12880_69_wfc3_ir_total_ic1369_drz.fits,HST,WFC3,detection
2003du,hst_skycell-p2434x05y17_wfc3_ir_f160w_coarse-all_drz.fits,HST,WFC3,F160W
2003du,hst_12880_66_wfc3_ir_total_ic1366_drz.fits,HST,WFC3,detection
2003du,hst_skycell-p2434x05y17_wfc3_ir_f105w_coarse-all_drz.fits,HST,WFC3,F105W
2003du,ie5403040_drz.fits,HST,WFC3,F140W
2003du,hst_12880_69_wfc3_ir_f160w_ic1369_drz.fits,HST,WFC3,F160W
2003du,ie5403070_drz.fits,HST,WFC3,F125W
2003du,hst_12880_66_wfc3_ir_f160w_ic1366_drz.fits,HST,WFC3,F160W
2006ef,hst_14654_10_wfc3_ir_total_id9210_drz.fits,HST,WFC3,detection
2006ef,hst_14654_10_wfc3_ir_f110w_id9210_drz.fits,HST,WFC3,F110W
2006ef,id9210010_drz.fits,HST,WFC3,F110W
2006ef,hst_skycell-p1062x16y16_wfc3_ir_f110w_all_drz.fits,HST,WFC3,F110W
2006ef,hst_skycell-p1062x16y16_wfc3_ir_f110w_coarse-all_drz.fits,HST,WFC3,F110W
2002de,HST_7328_22_NIC_NIC1_F160W_drz.fits,HST,NICMOS,F160W
2002de,n44b22010_mos.fits,HST,NICMOS,F160W
2002de,n44b22030_mos.fits,HST,NICMOS,F160W
2006bh,hst_15640_35_wfc3_ir_total_idxb35_drz.fits,HST,WFC3,detection
2006bh,hst_15640_37_wfc3_ir_f160w_idxb37_drz.fits,HST,WFC3,F160W
2006bh,hst_15640_38_wfc3_ir_f160w_idxb38_drz.fits,HST,WFC3,F160W
2006bh,hst_15640_37_wfc3_ir_total_idxb37_drz.fits,HST,WFC3,detection
2006bh,hst_15640_35_wfc3_ir_f160w_idxb35_drz.fits,HST,WFC3,F160W
2006bh,hst_skycell-p0143x14y09_wfc3_ir_f160w_coarse-all_drz.fits,HST,WFC3,F160W
2006bh,idxb33puq_drz.fits,HST,WFC3,F160W
2006bh,hst_15640_38_wfc3_ir_total_idxb38_drz.fits,HST,WFC3,detection
2006bh,hst_15640_36_wfc3_ir_f160w_idxb36_drz.fits,HST,WFC3,F160W
2006bh,hst_15640_39_wfc3_ir_f160w_idxb39_drz.fits,HST,WFC3,F160W
2006bh,hst_15640_ab_wfc3_ir_total_idxbab_drz.fits,HST,WFC3,detection
2006bh,hst_skycell-p0143x13y09_wfc3_ir_f160w_all_drz.fits,HST,WFC3,F160W
2006bh,idxb31030_drz.fits,HST,WFC3,F160W
2006bh,hst_15640_ab_wfc3_ir_f160w_idxbab_drz.fits,HST,WFC3,F160W
2006bh,idxb35030_drz.fits,HST,WFC3,F160W
2006bh,hst_15640_36_wfc3_ir_total_idxb36_drz.fits,HST,WFC3,detection
2006bh,hst_15640_39_wfc3_ir_total_idxb39_drz.fits,HST,WFC3,detection
2006bh,hst_skycell-p0143x13y09_wfc3_ir_f160w_coarse-all_drz.fits,HST,WFC3,F160W
2006bh,idxb32030_drz.fits,HST,WFC3,F160W
2006bh,hst_15640_a4_wfc3_ir_f160w_idxba4_drz.fits,HST,WFC3,F160W
2006bh,idxba4020_drz.fits,HST,WFC3,F160W
2006bh,idxb36030_drz.fits,HST,WFC3,F160W
2006bh,hst_15640_32_wfc3_ir_f160w_idxb32_drz.fits,HST,WFC3,F160W
2006bh,idxb37030_drz.fits,HST,WFC3,F160W
2006bh,hst_15640_32_wfc3_ir_total_idxb32_drz.fits,HST,WFC3,detection
2006bh,hst_15640_a4_wfc3_ir_total_idxba4_drz.fits,HST,WFC3,detection
2006bh,idxbab020_drz.fits,HST,WFC3,F160W
2006bh,idxb38030_drz.fits,HST,WFC3,F160W
2006bh,hst_15640_3a_wfc3_ir_total_idxb3a_drz.fits,HST,WFC3,detection
2006bh,hst_15640_31_wfc3_ir_total_idxb31_drz.fits,HST,WFC3,detection
2006bh,hst_15640_33_wfc3_ir_f160w_idxb33_drz.fits,HST,WFC3,F160W
2006bh,hst_15640_3a_wfc3_ir_f160w_idxb3a_drz.fits,HST,WFC3,F160W
2006bh,hst_15640_33_wfc3_ir_total_idxb33_drz.fits,HST,WFC3,detection
2006bh,hst_15640_31_wfc3_ir_f160w_idxb31_drz.fits,HST,WFC3,F160W
2006bh,idxb3aayq_drz.fits,HST,WFC3,F160W
2006bh,hst_skycell-p0143x14y09_wfc3_ir_f160w_all_drz.fits,HST,WFC3,F160W
2006bh,idxb39030_drz.fits,HST,WFC3,F160W
2006dd,hst_11691_03_wfc3_ir_f160w_drz.fits,HST,WFC3,F160W
2006dd,hst_11691_03_wfc3_ir_f110w_drz.fits,HST,WFC3,F110W
2006dd,hst_13691_32_wfc3_ir_f160w_icnw32_drz.fits,HST,WFC3,F160W
2006dd,hst_13691_32_wfc3_ir_total_icnw32_drz.fits,HST,WFC3,detection
2006dd,ib3n03030_drz.fits,HST,WFC3,F110W
2006dd,n4b707010_mos.fits,HST,NICMOS,F110W
2006dd,hst_11691_03_wfc3_ir_f160w_ib3n03_drz.fits,HST,WFC3,F160W
2006dd,n4b707030_mos.fits,HST,NICMOS,F160W
2006dd,hst_13691_37_wfc3_ir_total_icnw37_drz.fits,HST,WFC3,detection
2006dd,hst_skycell-p0497x09y14_wfc3_ir_f110w_all_drz.fits,HST,WFC3,F110W
2006dd,hst_11691_03_wfc3_ir_total_ib3n03_drz.fits,HST,WFC3,detection
2006dd,hst_skycell-p0497x09y14_wfc3_ir_f160w_coarse-all_drz.fits,HST,WFC3,F160W
2006dd,ib3n03050_drz.fits,HST,WFC3,F160W
2006dd,hst_skycell-p0497x09y14_wfc3_ir_f110w_coarse-all_drz.fits,HST,WFC3,F110W
2006dd,hst_13691_36_wfc3_ir_f160w_icnw36_drz.fits,HST,WFC3,F160W
2006dd,hst_skycell-p0497x09y14_wfc3_ir_f160w_all_drz.fits,HST,WFC3,F160W
2006dd,ib3n03060_drz.fits,HST,WFC3,F110W
2006dd,hst_11691_03_wfc3_ir_f110w_ib3n03_drz.fits,HST,WFC3,F110W
2006dd,hst_13691_36_wfc3_ir_total_icnw36_drz.fits,HST,WFC3,detection
2006dd,hst_13691_37_wfc3_ir_f110w_icnw37_drz.fits,HST,WFC3,F110W
2006dd,n4b707070_mos.fits,HST,NICMOS,F110M
2006bz,hst_13352_d0_wfc3_ir_f160w_icdxd0_drz.fits,HST,WFC3,F160W
2006bz,hst_14182_10_wfc3_ir_f160w_icwr10_drz.fits,HST,WFC3,F160W
2006bz,hst_14182_12_wfc3_ir_total_icwr12_drz.fits,HST,WFC3,detection
2006bz,hst_14182_03_wfc3_ir_f160w_icwr03_drz.fits,HST,WFC3,F160W
2006bz,hst_14182_01_wfc3_ir_total_icwr01_drz.fits,HST,WFC3,detection
2006bz,hst_skycell-p1892x03y19_wfc3_ir_f160w_coarse-all_drz.fits,HST,WFC3,F160W
2006bz,hst_14182_01_wfc3_ir_f160w_icwr01_drz.fits,HST,WFC3,F160W
2006bz,hst_14182_03_wfc3_ir_total_icwr03_drz.fits,HST,WFC3,detection
2006bz,hst_13352_d0_wfc3_ir_total_icdxd0_drz.fits,HST,WFC3,detection
2006bz,hst_14182_12_wfc3_ir_f160w_icwr12_drz.fits,HST,WFC3,F160W
2006bz,hst_14182_10_wfc3_ir_total_icwr10_drz.fits,HST,WFC3,detection
2006bz,hst_13352_d1_wfc3_ir_f160w_icdxd1_drz.fits,HST,WFC3,F160W
2006bz,hst_14182_13_wfc3_ir_total_icwr13_drz.fits,HST,WFC3,detection
2006bz,hst_11711_02_wfc3_ir_f160w_ib2i02_drz.fits,HST,WFC3,F160W
2006bz,hst_14182_11_wfc3_ir_f160w_icwr11_drz.fits,HST,WFC3,F160W
2006bz,hst_14182_02_wfc3_ir_f160w_icwr02_drz.fits,HST,WFC3,F160W
2006bz,hst_14182_02_wfc3_ir_total_icwr02_drz.fits,HST,WFC3,detection
2006bz,hst_13352_d1_wfc3_ir_total_icdxd1_drz.fits,HST,WFC3,detection
2006bz,hst_skycell-p1892x03y19_wfc3_ir_f160w_all_drz.fits,HST,WFC3,F160W
2006bz,hst_11711_02_wfc3_ir_total_ib2i02_drz.fits,HST,WFC3,detection
2006bz,hst_14182_11_wfc3_ir_total_icwr11_drz.fits,HST,WFC3,detection
2006bz,hst_14182_13_wfc3_ir_f160w_icwr13_drz.fits,HST,WFC3,F160W
2006bz,hst_14182_09_wfc3_ir_f160w_icwr09_drz.fits,HST,WFC3,F160W
2006bz,hst_13352_cy_wfc3_ir_f160w_icdxcy_drz.fits,HST,WFC3,F160W
2006bz,hst_skycell-p1973x14y02_wfc3_ir_f160w_coarse-all_drz.fits,HST,WFC3,F160W
2006bz,hst_14182_04_wfc3_ir_total_icwr04_drz.fits,HST,WFC3,detection
2006bz,hst_14182_06_wfc3_ir_f160w_icwr06_drz.fits,HST,WFC3,F160W
2006bz,hst_skycell-p1892x04y19_wfc3_ir_f160w_coarse-all_drz.fits,HST,WFC3,F160W
2006bz,hst_14182_17_wfc3_ir_total_icwr17_drz.fits,HST,WFC3,detection
2006bz,icwr08050_drz.fits,HST,WFC3,F160W
2006bz,hst_skycell-p1973x14y02_wfc3_ir_f160w_all_drz.fits,HST,WFC3,F160W
2006bz,hst_14182_15_wfc3_ir_f160w_icwr15_drz.fits,HST,WFC3,F160W
2006bz,hst_14182_15_wfc3_ir_total_icwr15_drz.fits,HST,WFC3,detection
2006bz,hst_14182_17_wfc3_ir_f160w_icwr17_drz.fits,HST,WFC3,F160W
2006bz,hst_14182_09_wfc3_ir_total_icwr09_drz.fits,HST,WFC3,detection
2006bz,hst_13352_cy_wfc3_ir_total_icdxcy_drz.fits,HST,WFC3,detection
2006bz,hst_skycell-p1973x14y03_wfc3_ir_f160w_all_drz.fits,HST,WFC3,F160W
2006bz,hst_14182_06_wfc3_ir_total_icwr06_drz.fits,HST,WFC3,detection
2006bz,hst_14182_04_wfc3_ir_f160w_icwr04_drz.fits,HST,WFC3,F160W
2006bz,hst_14182_59_wfc3_ir_f160w_icwr59_drz.fits,HST,WFC3,F160W
2006bz,hst_14182_08_wfc3_ir_f160w_icwr08_drz.fits,HST,WFC3,F160W
2006bz,hst_14182_05_wfc3_ir_total_icwr05_drz.fits,HST,WFC3,detection
2006bz,hst_skycell-p1892x04y19_wfc3_ir_f160w_all_drz.fits,HST,WFC3,F160W
2006bz,hst_14182_16_wfc3_ir_total_icwr16_drz.fits,HST,WFC3,detection
2006bz,hst_skycell-p1973x14y03_wfc3_ir_f160w_coarse-all_drz.fits,HST,WFC3,F160W
2006bz,hst_14182_16_wfc3_ir_f160w_icwr16_drz.fits,HST,WFC3,F160W
2006bz,hst_14182_08_wfc3_ir_total_icwr08_drz.fits,HST,WFC3,detection
2006bz,hst_14182_59_wfc3_ir_total_icwr59_drz.fits,HST,WFC3,detection
2006bz,hst_14182_05_wfc3_ir_f160w_icwr05_drz.fits,HST,WFC3,F160W
2002dp,hst_15640_4b_wfc3_ir_f160w_idxb4b_drz.fits,HST,WFC3,F160W
2002dp,hst_15640_42_wfc3_ir_f160w_idxb42_drz.fits,HST,WFC3,F160W
2002dp,hst_15640_4b_wfc3_ir_total_idxb4b_drz.fits,HST,WFC3,detection
2002dp,hst_15640_42_wfc3_ir_total_idxb42_drz.fits,HST,WFC3,detection
2002dp,hst_skycell-p1846x08y13_wfc3_ir_f160w_coarse-all_drz.fits,HST,WFC3,F160W
2002dp,idxb41030_drz.fits,HST,WFC3,F160W
2002dp,idxb4b030_drz.fits,HST,WFC3,F160W
2002dp,idxb4abiq_drz.fits,HST,WFC3,F160W
2002dp,hst_15640_4a_wfc3_ir_total_idxb4a_drz.fits,HST,WFC3,detection
2002dp,hst_15640_41_wfc3_ir_total_idxb41_drz.fits,HST,WFC3,detection
2002dp,hst_15640_43_wfc3_ir_f160w_idxb43_drz.fits,HST,WFC3,F160W
2002dp,idxb45030_drz.fits,HST,WFC3,F160W
2002dp,hst_15640_4a_wfc3_ir_f160w_idxb4a_drz.fits,HST,WFC3,F160W
2002dp,hst_15640_43_wfc3_ir_total_idxb43_drz.fits,HST,WFC3,detection
2002dp,idxb44030_drz.fits,HST,WFC3,F160W
2002dp,hst_15640_41_wfc3_ir_f160w_idxb41_drz.fits,HST,WFC3,F160W
2002dp,hst_15640_48_wfc3_ir_f160w_idxb48_drz.fits,HST,WFC3,F160W
2002dp,idxb43ewq_drz.fits,HST,WFC3,F160W
2002dp,hst_15640_45_wfc3_ir_total_idxb45_drz.fits,HST,WFC3,detection
2002dp,hst_15640_47_wfc3_ir_f160w_idxb47_drz.fits,HST,WFC3,F160W
2002dp,idxb47030_drz.fits,HST,WFC3,F160W
2002dp,idxb42030_drz.fits,HST,WFC3,F160W
2002dp,hst_15640_48_wfc3_ir_total_idxb48_drz.fits,HST,WFC3,detection
2002dp,hst_15640_47_wfc3_ir_total_idxb47_drz.fits,HST,WFC3,detection
2002dp,hst_15640_45_wfc3_ir_f160w_idxb45_drz.fits,HST,WFC3,F160W
2002dp,idxb46030_drz.fits,HST,WFC3,F160W
2002dp,hst_15640_49_wfc3_ir_f160w_idxb49_drz.fits,HST,WFC3,F160W
2002dp,hst_15640_46_wfc3_ir_f160w_idxb46_drz.fits,HST,WFC3,F160W
2002dp,hst_15640_44_wfc3_ir_total_idxb44_drz.fits,HST,WFC3,detection
2002dp,idxb49030_drz.fits,HST,WFC3,F160W
2002dp,idxb48030_drz.fits,HST,WFC3,F160W
2002dp,hst_15640_49_wfc3_ir_total_idxb49_drz.fits,HST,WFC3,detection
2002dp,hst_15640_44_wfc3_ir_f160w_idxb44_drz.fits,HST,WFC3,F160W
2002dp,hst_15640_46_wfc3_ir_total_idxb46_drz.fits,HST,WFC3,detection
2002dp,hst_skycell-p1846x08y13_wfc3_ir_f160w_all_drz.fits,HST,WFC3,F160W
2002dj,HST_10182_e2_NIC_NIC3_F110W_drz.fits,HST,NICMOS,F110W
2002dj,HST_10182_e5_NIC_NIC3_F110W_drz.fits,HST,NICMOS,F110W
2002dj,HST_10182_e1_NIC_NIC3_F160W_drz.fits,HST,NICMOS,F160W
2002dj,HST_10182_e4_NIC_NIC3_F110W_drz.fits,HST,NICMOS,F110W
2002dj,HST_10182_e3_NIC_NIC3_F110W_drz.fits,HST,NICMOS,F110W
2002dj,HST_10182_e5_NIC_NIC3_F160W_drz.fits,HST,NICMOS,F160W
2002dj,HST_10182_e1_NIC_NIC3_F110W_drz.fits,HST,NICMOS,F110W
2002dj,HST_10182_e2_NIC_NIC3_F160W_drz.fits,HST,NICMOS,F160W
2002dj,HST_10182_e3_NIC_NIC3_F160W_drz.fits,HST,NICMOS,F160W
2002dj,HST_10182_e4_NIC_NIC3_F160W_drz.fits,HST,NICMOS,F160W
2002dj,hst_17446_22_wfc3_ir_total_if7r22_drz.fits,HST,WFC3,detection
2002dj,hst_17446_22_wfc3_ir_f110w_if7r22_drz.fits,HST,WFC3,F110W
2002dj,n90ze3030_mos.fits,HST,NICMOS,F160W
2002dj,n90ze4020_mos.fits,HST,NICMOS,F110W
2002dj,n90ze1020_mos.fits,HST,NICMOS,F110W
2002dj,n90ze2030_mos.fits,HST,NICMOS,F160W
2002dj,n90ze5020_mos.fits,HST,NICMOS,F110W
2002dj,if7r22010_drz.fits,HST,WFC3,F110W
2002dj,n90ze2020_mos.fits,HST,NICMOS,F110W
2002dj,n90ze5030_mos.fits,HST,NICMOS,F160W
2002dj,n90ze1030_mos.fits,HST,NICMOS,F160W
2002dj,n90ze3020_mos.fits,HST,NICMOS,F110W
2002dj,n90ze4030_mos.fits,HST,NICMOS,F160W
2008bf,hst_skycell-p1721x07y20_wfc3_ir_f160w_all_drz.fits,HST,WFC3,F160W
2008bf,hst_skycell-p1806x07y03_wfc3_ir_f160w_all_drz.fits,HST,WFC3,F160W
2008bf,hst_skycell-p1806x07y04_wfc3_ir_f110w_all_drz.fits,HST,WFC3,F110W
2008bf,hst_skycell-p1806x07y03_wfc3_ir_f160w_coarse-all_drz.fits,HST,WFC3,F160W
2008bf,hst_skycell-p1806x07y04_wfc3_ir_f160w_all_drz.fits,HST,WFC3,F160W
2008bf,hst_skycell-p1721x07y20_wfc3_ir_f110w_all_drz.fits,HST,WFC3,F110W
2008bf,hst_skycell-p1721x07y20_wfc3_ir_f110w_coarse-all_drz.fits,HST,WFC3,F110W
2008bf,hst_skycell-p1721x07y20_wfc3_ir_f160w_coarse-all_drz.fits,HST,WFC3,F160W
2008bf,hst_15909_08_wfc3_ir_f110w_ie4108_drz.fits,HST,WFC3,F110W
2008bf,hst_skycell-p1806x07y04_wfc3_ir_f110w_coarse-all_drz.fits,HST,WFC3,F110W
2008bf,hst_skycell-p1806x07y04_wfc3_ir_f160w_coarse-all_drz.fits,HST,WFC3,F160W
2008bf,hst_15909_08_wfc3_ir_total_ie4108_drz.fits,HST,WFC3,detection
2008bf,ie4108010_drz.fits,HST,WFC3,F160W
2008bf,hst_15909_08_wfc3_ir_f160w_ie4108_drz.fits,HST,WFC3,F160W
2008bf,ie4108020_drz.fits,HST,WFC3,F110W
2002bo,HST_11080_17_NIC_NIC3_F190N_drz.fits,HST,NICMOS,F190N
2002bo,HST_11080_17_NIC_NIC3_F187N_drz.fits,HST,NICMOS,F187N
2002bo,n9wu17010_mos.fits,HST,NICMOS,F187N
2002bo,n9wu17020_mos.fits,HST,NICMOS,F190N
2006kf,if7r29010_drz.fits,HST,WFC3,F110W
2006kf,hst_17446_29_wfc3_ir_f110w_if7r29_drz.fits,HST,WFC3,F110W
2006kf,hst_17446_29_wfc3_ir_total_if7r29_drz.fits,HST,WFC3,detection
2002G,hst_16234_70_wfc3_ir_f160w_ieel70_drz.fits,HST,WFC3,F160W
2002G,hst_15145_3b_wfc3_ir_f160w_idgg3b_drz.fits,HST,WFC3,F160W
2002G,hst_15145_3b_wfc3_ir_total_idgg3b_drz.fits,HST,WFC3,detection
2002G,hst_16234_70_wfc3_ir_total_ieel70_drz.fits,HST,WFC3,detection
2002G,hst_skycell-p2583x18y09_wfc3_ir_f160w_all_drz.fits,HST,WFC3,F160W
2002G,hst_15145_31_wfc3_ir_total_idgg31_drz.fits,HST,WFC3,detection
2002G,hst_15145_33_wfc3_ir_f160w_idgg33_drz.fits,HST,WFC3,F160W
2002G,hst_15145_33_wfc3_ir_total_idgg33_drz.fits,HST,WFC3,detection
2002G,hst_15145_31_wfc3_ir_f160w_idgg31_drz.fits,HST,WFC3,F160W
2002G,hst_15145_35_wfc3_ir_total_idgg35_drz.fits,HST,WFC3,detection
2002G,hst_16234_69_wfc3_ir_f160w_ieel69_drz.fits,HST,WFC3,F160W
2002G,hst_15145_37_wfc3_ir_f160w_idgg37_drz.fits,HST,WFC3,F160W
2002G,hst_16234_69_wfc3_ir_total_ieel69_drz.fits,HST,WFC3,detection
2002G,hst_15145_37_wfc3_ir_total_idgg37_drz.fits,HST,WFC3,detection
2002G,hst_15145_35_wfc3_ir_f160w_idgg35_drz.fits,HST,WFC3,F160W
2002G,hst_15145_39_wfc3_ir_f160w_idgg39_drz.fits,HST,WFC3,F160W
2002G,hst_15145_39_wfc3_ir_total_idgg39_drz.fits,HST,WFC3,detection
2003cg,HST_7331_98_NIC_NIC2_F160W_drz.fits,HST,NICMOS,F160W
2003cg,n3zd98010_mos.fits,HST,NICMOS,F160W
